year,stock,capture,taxa,effort
1951,Arca zebra,1000,Arca zebra,302913040.3
1951,Callinectes sapidus,0.001,Callinectes sapidus,302913040.3
1951,Centropomus spp,200,Centropomus spp,302913040.3
1951,Centropomus undecimalis,1000,Centropomus undecimalis,302913040.3
1951,Crassostrea virginica,0.001,Crassostrea virginica,302913040.3
1951,Cynoscion nebulosus,0.001,Cynoscion nebulosus,302913040.3
1951,Lobatus gigas,0.001,Lobatus gigas,302913040.3
1951,Lobatus gigas2,0.001,Lobatus gigas2,302913040.3
1951,Lutjanus synagris,0.001,Lutjanus synagris,302913040.3
1951,Lutjanus synagris2,0.001,Lutjanus synagris2,302913040.3
1951,Menticirrhus littoralis,0.001,Menticirrhus littoralis,302913040.3
1951,Micropogonias furnieri,0.001,Micropogonias furnieri,302913040.3
1951,Mugil cephalus,4000,Mugil cephalus,302913040.3
1951,Mugil liza,1000,Mugil liza,302913040.3
1951,Ocyurus chrysurus,0.001,Ocyurus chrysurus,302913040.3
1951,Ocyurus chrysurus2,0.001,Ocyurus chrysurus2,302913040.3
1951,Ocyurus chrysurus3,0.001,Ocyurus chrysurus3,302913040.3
1951,Opisthonema oglinum,100,Opisthonema oglinum,302913040.3
1951,Pogonias cromis,0.001,Pogonias cromis,302913040.3
1951,Scomberomorus brasiliensis,300,Scomberomorus brasiliensis,302913040.3
1951,Scomberomorus cavalla,0.001,Scomberomorus cavalla,302913040.3
1951,Scomberomorus cavalla2,0.001,Scomberomorus cavalla2,302913040.3
1951,Scomberomorus cavalla3,4000,Scomberomorus cavalla3,302913040.3
1952,Arca zebra,500,Arca zebra,233831681.9
1952,Callinectes sapidus,0.001,Callinectes sapidus,233831681.9
1952,Centropomus spp,200,Centropomus spp,233831681.9
1952,Centropomus undecimalis,1000,Centropomus undecimalis,233831681.9
1952,Crassostrea virginica,0.001,Crassostrea virginica,233831681.9
1952,Cynoscion nebulosus,0.001,Cynoscion nebulosus,233831681.9
1952,Lobatus gigas,0.001,Lobatus gigas,233831681.9
1952,Lobatus gigas2,0.001,Lobatus gigas2,233831681.9
1952,Lutjanus synagris,0.001,Lutjanus synagris,233831681.9
1952,Lutjanus synagris2,0.001,Lutjanus synagris2,233831681.9
1952,Menticirrhus littoralis,0.001,Menticirrhus littoralis,233831681.9
1952,Micropogonias furnieri,0.001,Micropogonias furnieri,233831681.9
1952,Mugil cephalus,4000,Mugil cephalus,233831681.9
1952,Mugil liza,1000,Mugil liza,233831681.9
1952,Ocyurus chrysurus,0.001,Ocyurus chrysurus,233831681.9
1952,Ocyurus chrysurus2,0.001,Ocyurus chrysurus2,233831681.9
1952,Ocyurus chrysurus3,0.001,Ocyurus chrysurus3,233831681.9
1952,Opisthonema oglinum,100,Opisthonema oglinum,233831681.9
1952,Pogonias cromis,0.001,Pogonias cromis,233831681.9
1952,Scomberomorus brasiliensis,300,Scomberomorus brasiliensis,233831681.9
1952,Scomberomorus cavalla,0.001,Scomberomorus cavalla,233831681.9
1952,Scomberomorus cavalla2,0.001,Scomberomorus cavalla2,233831681.9
1952,Scomberomorus cavalla3,3000,Scomberomorus cavalla3,233831681.9
1953,Arca zebra,600,Arca zebra,315117673.3
1953,Callinectes sapidus,0.001,Callinectes sapidus,315117673.3
1953,Centropomus spp,300,Centropomus spp,315117673.3
1953,Centropomus undecimalis,800,Centropomus undecimalis,315117673.3
1953,Crassostrea virginica,10000,Crassostrea virginica,315117673.3
1953,Cynoscion nebulosus,0.001,Cynoscion nebulosus,315117673.3
1953,Lobatus gigas,0.001,Lobatus gigas,315117673.3
1953,Lobatus gigas2,0.001,Lobatus gigas2,315117673.3
1953,Lutjanus synagris,0.001,Lutjanus synagris,315117673.3
1953,Lutjanus synagris2,0.001,Lutjanus synagris2,315117673.3
1953,Menticirrhus littoralis,0.001,Menticirrhus littoralis,315117673.3
1953,Micropogonias furnieri,0.001,Micropogonias furnieri,315117673.3
1953,Mugil cephalus,3800,Mugil cephalus,315117673.3
1953,Mugil liza,900,Mugil liza,315117673.3
1953,Ocyurus chrysurus,0.001,Ocyurus chrysurus,315117673.3
1953,Ocyurus chrysurus2,0.001,Ocyurus chrysurus2,315117673.3
1953,Ocyurus chrysurus3,0.001,Ocyurus chrysurus3,315117673.3
1953,Opisthonema oglinum,100,Opisthonema oglinum,315117673.3
1953,Pogonias cromis,0.001,Pogonias cromis,315117673.3
1953,Scomberomorus brasiliensis,300,Scomberomorus brasiliensis,315117673.3
1953,Scomberomorus cavalla,0.001,Scomberomorus cavalla,315117673.3
1953,Scomberomorus cavalla2,0.001,Scomberomorus cavalla2,315117673.3
1953,Scomberomorus cavalla3,2900,Scomberomorus cavalla3,315117673.3
1954,Arca zebra,600,Arca zebra,349642573.2
1954,Callinectes sapidus,0.001,Callinectes sapidus,349642573.2
1954,Centropomus spp,300,Centropomus spp,349642573.2
1954,Centropomus undecimalis,700,Centropomus undecimalis,349642573.2
1954,Crassostrea virginica,9100,Crassostrea virginica,349642573.2
1954,Cynoscion nebulosus,0.001,Cynoscion nebulosus,349642573.2
1954,Lobatus gigas,0.001,Lobatus gigas,349642573.2
1954,Lobatus gigas2,0.001,Lobatus gigas2,349642573.2
1954,Lutjanus synagris,0.001,Lutjanus synagris,349642573.2
1954,Lutjanus synagris2,0.001,Lutjanus synagris2,349642573.2
1954,Menticirrhus littoralis,0.001,Menticirrhus littoralis,349642573.2
1954,Micropogonias furnieri,0.001,Micropogonias furnieri,349642573.2
1954,Mugil cephalus,2300,Mugil cephalus,349642573.2
1954,Mugil liza,800,Mugil liza,349642573.2
1954,Ocyurus chrysurus,0.001,Ocyurus chrysurus,349642573.2
1954,Ocyurus chrysurus2,0.001,Ocyurus chrysurus2,349642573.2
1954,Ocyurus chrysurus3,0.001,Ocyurus chrysurus3,349642573.2
1954,Opisthonema oglinum,200,Opisthonema oglinum,349642573.2
1954,Pogonias cromis,0.001,Pogonias cromis,349642573.2
1954,Scomberomorus brasiliensis,400,Scomberomorus brasiliensis,349642573.2
1954,Scomberomorus cavalla,0.001,Scomberomorus cavalla,349642573.2
1954,Scomberomorus cavalla2,0.001,Scomberomorus cavalla2,349642573.2
1954,Scomberomorus cavalla3,3200,Scomberomorus cavalla3,349642573.2
1955,Arca zebra,300,Arca zebra,466607713.3
1955,Callinectes sapidus,0.001,Callinectes sapidus,466607713.3
1955,Centropomus spp,300,Centropomus spp,466607713.3
1955,Centropomus undecimalis,1100,Centropomus undecimalis,466607713.3
1955,Crassostrea virginica,10600,Crassostrea virginica,466607713.3
1955,Cynoscion nebulosus,0.001,Cynoscion nebulosus,466607713.3
1955,Lobatus gigas,0.001,Lobatus gigas,466607713.3
1955,Lobatus gigas2,0.001,Lobatus gigas2,466607713.3
1955,Lutjanus synagris,0.001,Lutjanus synagris,466607713.3
1955,Lutjanus synagris2,0.001,Lutjanus synagris2,466607713.3
1955,Menticirrhus littoralis,0.001,Menticirrhus littoralis,466607713.3
1955,Micropogonias furnieri,0.001,Micropogonias furnieri,466607713.3
1955,Mugil cephalus,2700,Mugil cephalus,466607713.3
1955,Mugil liza,500,Mugil liza,466607713.3
1955,Ocyurus chrysurus,0.001,Ocyurus chrysurus,466607713.3
1955,Ocyurus chrysurus2,0.001,Ocyurus chrysurus2,466607713.3
1955,Ocyurus chrysurus3,0.001,Ocyurus chrysurus3,466607713.3
1955,Opisthonema oglinum,200,Opisthonema oglinum,466607713.3
1955,Pogonias cromis,0.001,Pogonias cromis,466607713.3
1955,Scomberomorus brasiliensis,500,Scomberomorus brasiliensis,466607713.3
1955,Scomberomorus cavalla,0.001,Scomberomorus cavalla,466607713.3
1955,Scomberomorus cavalla2,0.001,Scomberomorus cavalla2,466607713.3
1955,Scomberomorus cavalla3,3900,Scomberomorus cavalla3,466607713.3
1956,Arca zebra,0,Arca zebra,388051099
1956,Callinectes sapidus,0.001,Callinectes sapidus,388051099
1956,Centropomus spp,400,Centropomus spp,388051099
1956,Centropomus undecimalis,600,Centropomus undecimalis,388051099
1956,Crassostrea virginica,10600,Crassostrea virginica,388051099
1956,Cynoscion nebulosus,0.001,Cynoscion nebulosus,388051099
1956,Lobatus gigas,0.001,Lobatus gigas,388051099
1956,Lobatus gigas2,0.001,Lobatus gigas2,388051099
1956,Lutjanus synagris,0.001,Lutjanus synagris,388051099
1956,Lutjanus synagris2,0.001,Lutjanus synagris2,388051099
1956,Menticirrhus littoralis,0.001,Menticirrhus littoralis,388051099
1956,Micropogonias furnieri,0.001,Micropogonias furnieri,388051099
1956,Mugil cephalus,3200,Mugil cephalus,388051099
1956,Mugil liza,1300,Mugil liza,388051099
1956,Ocyurus chrysurus,0.001,Ocyurus chrysurus,388051099
1956,Ocyurus chrysurus2,0.001,Ocyurus chrysurus2,388051099
1956,Ocyurus chrysurus3,0.001,Ocyurus chrysurus3,388051099
1956,Opisthonema oglinum,300,Opisthonema oglinum,388051099
1956,Pogonias cromis,0.001,Pogonias cromis,388051099
1956,Scomberomorus brasiliensis,500,Scomberomorus brasiliensis,388051099
1956,Scomberomorus cavalla,0.001,Scomberomorus cavalla,388051099
1956,Scomberomorus cavalla2,0.001,Scomberomorus cavalla2,388051099
1956,Scomberomorus cavalla3,2900,Scomberomorus cavalla3,388051099
1957,Arca zebra,1300,Arca zebra,390261557
1957,Callinectes sapidus,0.001,Callinectes sapidus,390261557
1957,Centropomus spp,600,Centropomus spp,390261557
1957,Centropomus undecimalis,700,Centropomus undecimalis,390261557
1957,Crassostrea virginica,12000,Crassostrea virginica,390261557
1957,Cynoscion nebulosus,0.001,Cynoscion nebulosus,390261557
1957,Lobatus gigas,0.001,Lobatus gigas,390261557
1957,Lobatus gigas2,0.001,Lobatus gigas2,390261557
1957,Lutjanus synagris,0.001,Lutjanus synagris,390261557
1957,Lutjanus synagris2,0.001,Lutjanus synagris2,390261557
1957,Menticirrhus littoralis,0.001,Menticirrhus littoralis,390261557
1957,Micropogonias furnieri,0.001,Micropogonias furnieri,390261557
1957,Mugil cephalus,2700,Mugil cephalus,390261557
1957,Mugil liza,2100,Mugil liza,390261557
1957,Ocyurus chrysurus,0.001,Ocyurus chrysurus,390261557
1957,Ocyurus chrysurus2,0.001,Ocyurus chrysurus2,390261557
1957,Ocyurus chrysurus3,100,Ocyurus chrysurus3,390261557
1957,Opisthonema oglinum,300,Opisthonema oglinum,390261557
1957,Pogonias cromis,0.001,Pogonias cromis,390261557
1957,Scomberomorus brasiliensis,500,Scomberomorus brasiliensis,390261557
1957,Scomberomorus cavalla,0.001,Scomberomorus cavalla,390261557
1957,Scomberomorus cavalla2,0.001,Scomberomorus cavalla2,390261557
1957,Scomberomorus cavalla3,2700,Scomberomorus cavalla3,390261557
1958,Arca zebra,2000,Arca zebra,344359116.2
1958,Callinectes sapidus,0.001,Callinectes sapidus,344359116.2
1958,Centropomus spp,800,Centropomus spp,344359116.2
1958,Centropomus undecimalis,600,Centropomus undecimalis,344359116.2
1958,Crassostrea virginica,13100,Crassostrea virginica,344359116.2
1958,Cynoscion nebulosus,1000,Cynoscion nebulosus,344359116.2
1958,Lobatus gigas,0.001,Lobatus gigas,344359116.2
1958,Lobatus gigas2,0.001,Lobatus gigas2,344359116.2
1958,Lutjanus synagris,0.001,Lutjanus synagris,344359116.2
1958,Lutjanus synagris2,0.001,Lutjanus synagris2,344359116.2
1958,Menticirrhus littoralis,0.001,Menticirrhus littoralis,344359116.2
1958,Micropogonias furnieri,0.001,Micropogonias furnieri,344359116.2
1958,Mugil cephalus,2800,Mugil cephalus,344359116.2
1958,Mugil liza,1500,Mugil liza,344359116.2
1958,Ocyurus chrysurus,0.001,Ocyurus chrysurus,344359116.2
1958,Ocyurus chrysurus2,0.001,Ocyurus chrysurus2,344359116.2
1958,Ocyurus chrysurus3,100,Ocyurus chrysurus3,344359116.2
1958,Opisthonema oglinum,300,Opisthonema oglinum,344359116.2
1958,Pogonias cromis,0.001,Pogonias cromis,344359116.2
1958,Scomberomorus brasiliensis,500,Scomberomorus brasiliensis,344359116.2
1958,Scomberomorus cavalla,0.001,Scomberomorus cavalla,344359116.2
1958,Scomberomorus cavalla2,0.001,Scomberomorus cavalla2,344359116.2
1958,Scomberomorus cavalla3,3000,Scomberomorus cavalla3,344359116.2
1959,Arca zebra,2800,Arca zebra,345392336.9
1959,Callinectes sapidus,0.001,Callinectes sapidus,345392336.9
1959,Centropomus spp,3000,Centropomus spp,345392336.9
1959,Centropomus undecimalis,600,Centropomus undecimalis,345392336.9
1959,Crassostrea virginica,17200,Crassostrea virginica,345392336.9
1959,Cynoscion nebulosus,1000,Cynoscion nebulosus,345392336.9
1959,Lobatus gigas,0.001,Lobatus gigas,345392336.9
1959,Lobatus gigas2,0.001,Lobatus gigas2,345392336.9
1959,Lutjanus synagris,0.001,Lutjanus synagris,345392336.9
1959,Lutjanus synagris2,0.001,Lutjanus synagris2,345392336.9
1959,Menticirrhus littoralis,0.001,Menticirrhus littoralis,345392336.9
1959,Micropogonias furnieri,0.001,Micropogonias furnieri,345392336.9
1959,Mugil cephalus,2500,Mugil cephalus,345392336.9
1959,Mugil liza,900,Mugil liza,345392336.9
1959,Ocyurus chrysurus,0.001,Ocyurus chrysurus,345392336.9
1959,Ocyurus chrysurus2,0.001,Ocyurus chrysurus2,345392336.9
1959,Ocyurus chrysurus3,100,Ocyurus chrysurus3,345392336.9
1959,Opisthonema oglinum,400,Opisthonema oglinum,345392336.9
1959,Pogonias cromis,0.001,Pogonias cromis,345392336.9
1959,Scomberomorus brasiliensis,500,Scomberomorus brasiliensis,345392336.9
1959,Scomberomorus cavalla,0.001,Scomberomorus cavalla,345392336.9
1959,Scomberomorus cavalla2,0.001,Scomberomorus cavalla2,345392336.9
1959,Scomberomorus cavalla3,3200,Scomberomorus cavalla3,345392336.9
1960,Arca zebra,3300,Arca zebra,353118583.9
1960,Callinectes sapidus,0.001,Callinectes sapidus,353118583.9
1960,Centropomus spp,5000,Centropomus spp,353118583.9
1960,Centropomus undecimalis,800,Centropomus undecimalis,353118583.9
1960,Crassostrea virginica,20000,Crassostrea virginica,353118583.9
1960,Cynoscion nebulosus,500,Cynoscion nebulosus,353118583.9
1960,Lobatus gigas,0.001,Lobatus gigas,353118583.9
1960,Lobatus gigas2,0.001,Lobatus gigas2,353118583.9
1960,Lutjanus synagris,0.001,Lutjanus synagris,353118583.9
1960,Lutjanus synagris2,0.001,Lutjanus synagris2,353118583.9
1960,Menticirrhus littoralis,0.001,Menticirrhus littoralis,353118583.9
1960,Micropogonias furnieri,0.001,Micropogonias furnieri,353118583.9
1960,Mugil cephalus,2500,Mugil cephalus,353118583.9
1960,Mugil liza,900,Mugil liza,353118583.9
1960,Ocyurus chrysurus,0.001,Ocyurus chrysurus,353118583.9
1960,Ocyurus chrysurus2,0.001,Ocyurus chrysurus2,353118583.9
1960,Ocyurus chrysurus3,100,Ocyurus chrysurus3,353118583.9
1960,Opisthonema oglinum,400,Opisthonema oglinum,353118583.9
1960,Pogonias cromis,0.001,Pogonias cromis,353118583.9
1960,Scomberomorus brasiliensis,600,Scomberomorus brasiliensis,353118583.9
1960,Scomberomorus cavalla,0.001,Scomberomorus cavalla,353118583.9
1960,Scomberomorus cavalla2,0.001,Scomberomorus cavalla2,353118583.9
1960,Scomberomorus cavalla3,4100,Scomberomorus cavalla3,353118583.9
1961,Arca zebra,2200,Arca zebra,573582781.1
1961,Callinectes sapidus,0.001,Callinectes sapidus,573582781.1
1961,Centropomus spp,5500,Centropomus spp,573582781.1
1961,Centropomus undecimalis,800,Centropomus undecimalis,573582781.1
1961,Crassostrea virginica,19200,Crassostrea virginica,573582781.1
1961,Cynoscion nebulosus,500,Cynoscion nebulosus,573582781.1
1961,Lobatus gigas,0.001,Lobatus gigas,573582781.1
1961,Lobatus gigas2,750,Lobatus gigas2,573582781.1
1961,Lutjanus synagris,0.001,Lutjanus synagris,573582781.1
1961,Lutjanus synagris2,0.001,Lutjanus synagris2,573582781.1
1961,Menticirrhus littoralis,0.001,Menticirrhus littoralis,573582781.1
1961,Micropogonias furnieri,800,Micropogonias furnieri,573582781.1
1961,Mugil cephalus,2700,Mugil cephalus,573582781.1
1961,Mugil liza,1000,Mugil liza,573582781.1
1961,Ocyurus chrysurus,0.001,Ocyurus chrysurus,573582781.1
1961,Ocyurus chrysurus2,0.001,Ocyurus chrysurus2,573582781.1
1961,Ocyurus chrysurus3,100,Ocyurus chrysurus3,573582781.1
1961,Opisthonema oglinum,300,Opisthonema oglinum,573582781.1
1961,Pogonias cromis,0.001,Pogonias cromis,573582781.1
1961,Scomberomorus brasiliensis,600,Scomberomorus brasiliensis,573582781.1
1961,Scomberomorus cavalla,0.001,Scomberomorus cavalla,573582781.1
1961,Scomberomorus cavalla2,0.001,Scomberomorus cavalla2,573582781.1
1961,Scomberomorus cavalla3,3700,Scomberomorus cavalla3,573582781.1
1962,Arca zebra,2300,Arca zebra,291340567
1962,Callinectes sapidus,0.001,Callinectes sapidus,291340567
1962,Centropomus spp,4600,Centropomus spp,291340567
1962,Centropomus undecimalis,1000,Centropomus undecimalis,291340567
1962,Crassostrea virginica,18300,Crassostrea virginica,291340567
1962,Cynoscion nebulosus,0,Cynoscion nebulosus,291340567
1962,Lobatus gigas,0.001,Lobatus gigas,291340567
1962,Lobatus gigas2,750,Lobatus gigas2,291340567
1962,Lutjanus synagris,0.001,Lutjanus synagris,291340567
1962,Lutjanus synagris2,0.001,Lutjanus synagris2,291340567
1962,Menticirrhus littoralis,500,Menticirrhus littoralis,291340567
1962,Micropogonias furnieri,700,Micropogonias furnieri,291340567
1962,Mugil cephalus,2500,Mugil cephalus,291340567
1962,Mugil liza,1400,Mugil liza,291340567
1962,Ocyurus chrysurus,0.001,Ocyurus chrysurus,291340567
1962,Ocyurus chrysurus2,0.001,Ocyurus chrysurus2,291340567
1962,Ocyurus chrysurus3,100,Ocyurus chrysurus3,291340567
1962,Opisthonema oglinum,400,Opisthonema oglinum,291340567
1962,Pogonias cromis,0.001,Pogonias cromis,291340567
1962,Scomberomorus brasiliensis,600,Scomberomorus brasiliensis,291340567
1962,Scomberomorus cavalla,0.001,Scomberomorus cavalla,291340567
1962,Scomberomorus cavalla2,0.001,Scomberomorus cavalla2,291340567
1962,Scomberomorus cavalla3,3500,Scomberomorus cavalla3,291340567
1963,Arca zebra,900,Arca zebra,295235150.9
1963,Callinectes sapidus,0.001,Callinectes sapidus,295235150.9
1963,Centropomus spp,4700,Centropomus spp,295235150.9
1963,Centropomus undecimalis,1300,Centropomus undecimalis,295235150.9
1963,Crassostrea virginica,19800,Crassostrea virginica,295235150.9
1963,Cynoscion nebulosus,1300,Cynoscion nebulosus,295235150.9
1963,Lobatus gigas,0.001,Lobatus gigas,295235150.9
1963,Lobatus gigas2,750,Lobatus gigas2,295235150.9
1963,Lutjanus synagris,0.001,Lutjanus synagris,295235150.9
1963,Lutjanus synagris2,0.001,Lutjanus synagris2,295235150.9
1963,Menticirrhus littoralis,500,Menticirrhus littoralis,295235150.9
1963,Micropogonias furnieri,900,Micropogonias furnieri,295235150.9
1963,Mugil cephalus,3100,Mugil cephalus,295235150.9
1963,Mugil liza,1200,Mugil liza,295235150.9
1963,Ocyurus chrysurus,0.001,Ocyurus chrysurus,295235150.9
1963,Ocyurus chrysurus2,0.001,Ocyurus chrysurus2,295235150.9
1963,Ocyurus chrysurus3,100,Ocyurus chrysurus3,295235150.9
1963,Opisthonema oglinum,600,Opisthonema oglinum,295235150.9
1963,Pogonias cromis,0.001,Pogonias cromis,295235150.9
1963,Scomberomorus brasiliensis,600,Scomberomorus brasiliensis,295235150.9
1963,Scomberomorus cavalla,0.001,Scomberomorus cavalla,295235150.9
1963,Scomberomorus cavalla2,0.001,Scomberomorus cavalla2,295235150.9
1963,Scomberomorus cavalla3,3500,Scomberomorus cavalla3,295235150.9
1964,Arca zebra,2300,Arca zebra,305776732.2
1964,Callinectes sapidus,1100,Callinectes sapidus,305776732.2
1964,Centropomus spp,5400,Centropomus spp,305776732.2
1964,Centropomus undecimalis,1200,Centropomus undecimalis,305776732.2
1964,Crassostrea virginica,22300,Crassostrea virginica,305776732.2
1964,Cynoscion nebulosus,200,Cynoscion nebulosus,305776732.2
1964,Lobatus gigas,0.001,Lobatus gigas,305776732.2
1964,Lobatus gigas2,1500,Lobatus gigas2,305776732.2
1964,Lutjanus synagris,0.001,Lutjanus synagris,305776732.2
1964,Lutjanus synagris2,0.001,Lutjanus synagris2,305776732.2
1964,Menticirrhus littoralis,300,Menticirrhus littoralis,305776732.2
1964,Micropogonias furnieri,1000,Micropogonias furnieri,305776732.2
1964,Mugil cephalus,3000,Mugil cephalus,305776732.2
1964,Mugil liza,400,Mugil liza,305776732.2
1964,Ocyurus chrysurus,0.001,Ocyurus chrysurus,305776732.2
1964,Ocyurus chrysurus2,0.001,Ocyurus chrysurus2,305776732.2
1964,Ocyurus chrysurus3,100,Ocyurus chrysurus3,305776732.2
1964,Opisthonema oglinum,100,Opisthonema oglinum,305776732.2
1964,Pogonias cromis,0.001,Pogonias cromis,305776732.2
1964,Scomberomorus brasiliensis,600,Scomberomorus brasiliensis,305776732.2
1964,Scomberomorus cavalla,0.001,Scomberomorus cavalla,305776732.2
1964,Scomberomorus cavalla2,900,Scomberomorus cavalla2,305776732.2
1964,Scomberomorus cavalla3,3900,Scomberomorus cavalla3,305776732.2
1965,Arca zebra,4000,Arca zebra,383797535.4
1965,Callinectes sapidus,1100,Callinectes sapidus,383797535.4
1965,Centropomus spp,5900,Centropomus spp,383797535.4
1965,Centropomus undecimalis,3000,Centropomus undecimalis,383797535.4
1965,Crassostrea virginica,26900,Crassostrea virginica,383797535.4
1965,Cynoscion nebulosus,100,Cynoscion nebulosus,383797535.4
1965,Lobatus gigas,0.001,Lobatus gigas,383797535.4
1965,Lobatus gigas2,2250,Lobatus gigas2,383797535.4
1965,Lutjanus synagris,0.001,Lutjanus synagris,383797535.4
1965,Lutjanus synagris2,0.001,Lutjanus synagris2,383797535.4
1965,Menticirrhus littoralis,300,Menticirrhus littoralis,383797535.4
1965,Micropogonias furnieri,1000,Micropogonias furnieri,383797535.4
1965,Mugil cephalus,2900,Mugil cephalus,383797535.4
1965,Mugil liza,500,Mugil liza,383797535.4
1965,Ocyurus chrysurus,0.001,Ocyurus chrysurus,383797535.4
1965,Ocyurus chrysurus2,0.001,Ocyurus chrysurus2,383797535.4
1965,Ocyurus chrysurus3,100,Ocyurus chrysurus3,383797535.4
1965,Opisthonema oglinum,200,Opisthonema oglinum,383797535.4
1965,Pogonias cromis,200,Pogonias cromis,383797535.4
1965,Scomberomorus brasiliensis,800,Scomberomorus brasiliensis,383797535.4
1965,Scomberomorus cavalla,0.001,Scomberomorus cavalla,383797535.4
1965,Scomberomorus cavalla2,1000,Scomberomorus cavalla2,383797535.4
1965,Scomberomorus cavalla3,3200,Scomberomorus cavalla3,383797535.4
1966,Arca zebra,4300,Arca zebra,426242769.9
1966,Callinectes sapidus,1100,Callinectes sapidus,426242769.9
1966,Centropomus spp,6500,Centropomus spp,426242769.9
1966,Centropomus undecimalis,1900,Centropomus undecimalis,426242769.9
1966,Crassostrea virginica,24100,Crassostrea virginica,426242769.9
1966,Cynoscion nebulosus,200,Cynoscion nebulosus,426242769.9
1966,Lobatus gigas,0.001,Lobatus gigas,426242769.9
1966,Lobatus gigas2,1,Lobatus gigas2,426242769.9
1966,Lutjanus synagris,0.001,Lutjanus synagris,426242769.9
1966,Lutjanus synagris2,0.001,Lutjanus synagris2,426242769.9
1966,Menticirrhus littoralis,200,Menticirrhus littoralis,426242769.9
1966,Micropogonias furnieri,1000,Micropogonias furnieri,426242769.9
1966,Mugil cephalus,3500,Mugil cephalus,426242769.9
1966,Mugil liza,500,Mugil liza,426242769.9
1966,Ocyurus chrysurus,0.001,Ocyurus chrysurus,426242769.9
1966,Ocyurus chrysurus2,0.001,Ocyurus chrysurus2,426242769.9
1966,Ocyurus chrysurus3,1,Ocyurus chrysurus3,426242769.9
1966,Opisthonema oglinum,200,Opisthonema oglinum,426242769.9
1966,Pogonias cromis,100,Pogonias cromis,426242769.9
1966,Scomberomorus brasiliensis,800,Scomberomorus brasiliensis,426242769.9
1966,Scomberomorus cavalla,100,Scomberomorus cavalla,426242769.9
1966,Scomberomorus cavalla2,900,Scomberomorus cavalla2,426242769.9
1966,Scomberomorus cavalla3,3500,Scomberomorus cavalla3,426242769.9
1967,Arca zebra,2300,Arca zebra,432290427
1967,Callinectes sapidus,1700,Callinectes sapidus,432290427
1967,Centropomus spp,3700,Centropomus spp,432290427
1967,Centropomus undecimalis,1400,Centropomus undecimalis,432290427
1967,Crassostrea virginica,27800,Crassostrea virginica,432290427
1967,Cynoscion nebulosus,200,Cynoscion nebulosus,432290427
1967,Lobatus gigas,0.001,Lobatus gigas,432290427
1967,Lobatus gigas2,1500,Lobatus gigas2,432290427
1967,Lutjanus synagris,0.001,Lutjanus synagris,432290427
1967,Lutjanus synagris2,0.001,Lutjanus synagris2,432290427
1967,Menticirrhus littoralis,100,Menticirrhus littoralis,432290427
1967,Micropogonias furnieri,1000,Micropogonias furnieri,432290427
1967,Mugil cephalus,2900,Mugil cephalus,432290427
1967,Mugil liza,500,Mugil liza,432290427
1967,Ocyurus chrysurus,0.001,Ocyurus chrysurus,432290427
1967,Ocyurus chrysurus2,0.001,Ocyurus chrysurus2,432290427
1967,Ocyurus chrysurus3,100,Ocyurus chrysurus3,432290427
1967,Opisthonema oglinum,300,Opisthonema oglinum,432290427
1967,Pogonias cromis,100,Pogonias cromis,432290427
1967,Scomberomorus brasiliensis,800,Scomberomorus brasiliensis,432290427
1967,Scomberomorus cavalla,200,Scomberomorus cavalla,432290427
1967,Scomberomorus cavalla2,1000,Scomberomorus cavalla2,432290427
1967,Scomberomorus cavalla3,3000,Scomberomorus cavalla3,432290427
1968,Arca zebra,3900,Arca zebra,461858301
1968,Callinectes sapidus,2000,Callinectes sapidus,461858301
1968,Centropomus spp,3000,Centropomus spp,461858301
1968,Centropomus undecimalis,1600,Centropomus undecimalis,461858301
1968,Crassostrea virginica,34700,Crassostrea virginica,461858301
1968,Cynoscion nebulosus,200,Cynoscion nebulosus,461858301
1968,Lobatus gigas,0.001,Lobatus gigas,461858301
1968,Lobatus gigas2,1500,Lobatus gigas2,461858301
1968,Lutjanus synagris,0.001,Lutjanus synagris,461858301
1968,Lutjanus synagris2,0.001,Lutjanus synagris2,461858301
1968,Menticirrhus littoralis,100,Menticirrhus littoralis,461858301
1968,Micropogonias furnieri,1000,Micropogonias furnieri,461858301
1968,Mugil cephalus,3300,Mugil cephalus,461858301
1968,Mugil liza,600,Mugil liza,461858301
1968,Ocyurus chrysurus,0.001,Ocyurus chrysurus,461858301
1968,Ocyurus chrysurus2,0.001,Ocyurus chrysurus2,461858301
1968,Ocyurus chrysurus3,100,Ocyurus chrysurus3,461858301
1968,Opisthonema oglinum,600,Opisthonema oglinum,461858301
1968,Pogonias cromis,100,Pogonias cromis,461858301
1968,Scomberomorus brasiliensis,800,Scomberomorus brasiliensis,461858301
1968,Scomberomorus cavalla,200,Scomberomorus cavalla,461858301
1968,Scomberomorus cavalla2,700,Scomberomorus cavalla2,461858301
1968,Scomberomorus cavalla3,1800,Scomberomorus cavalla3,461858301
1969,Arca zebra,4500,Arca zebra,391473427
1969,Callinectes sapidus,3000,Callinectes sapidus,391473427
1969,Centropomus spp,700,Centropomus spp,391473427
1969,Centropomus undecimalis,1600,Centropomus undecimalis,391473427
1969,Crassostrea virginica,41100,Crassostrea virginica,391473427
1969,Cynoscion nebulosus,300,Cynoscion nebulosus,391473427
1969,Lobatus gigas,0.001,Lobatus gigas,391473427
1969,Lobatus gigas2,750,Lobatus gigas2,391473427
1969,Lutjanus synagris,0.001,Lutjanus synagris,391473427
1969,Lutjanus synagris2,0.001,Lutjanus synagris2,391473427
1969,Menticirrhus littoralis,200,Menticirrhus littoralis,391473427
1969,Micropogonias furnieri,1000,Micropogonias furnieri,391473427
1969,Mugil cephalus,2900,Mugil cephalus,391473427
1969,Mugil liza,600,Mugil liza,391473427
1969,Ocyurus chrysurus,0.001,Ocyurus chrysurus,391473427
1969,Ocyurus chrysurus2,0.001,Ocyurus chrysurus2,391473427
1969,Ocyurus chrysurus3,100,Ocyurus chrysurus3,391473427
1969,Opisthonema oglinum,300,Opisthonema oglinum,391473427
1969,Pogonias cromis,600,Pogonias cromis,391473427
1969,Scomberomorus brasiliensis,800,Scomberomorus brasiliensis,391473427
1969,Scomberomorus cavalla,200,Scomberomorus cavalla,391473427
1969,Scomberomorus cavalla2,1100,Scomberomorus cavalla2,391473427
1969,Scomberomorus cavalla3,1500,Scomberomorus cavalla3,391473427
1970,Arca zebra,5400,Arca zebra,365629781.9
1970,Callinectes sapidus,800,Callinectes sapidus,365629781.9
1970,Centropomus spp,700,Centropomus spp,365629781.9
1970,Centropomus undecimalis,1300,Centropomus undecimalis,365629781.9
1970,Crassostrea virginica,37000,Crassostrea virginica,365629781.9
1970,Cynoscion nebulosus,200,Cynoscion nebulosus,365629781.9
1970,Lobatus gigas,100,Lobatus gigas,365629781.9
1970,Lobatus gigas2,1,Lobatus gigas2,365629781.9
1970,Lutjanus synagris,0.001,Lutjanus synagris,365629781.9
1970,Lutjanus synagris2,100,Lutjanus synagris2,365629781.9
1970,Menticirrhus littoralis,200,Menticirrhus littoralis,365629781.9
1970,Micropogonias furnieri,1200,Micropogonias furnieri,365629781.9
1970,Mugil cephalus,2800,Mugil cephalus,365629781.9
1970,Mugil liza,700,Mugil liza,365629781.9
1970,Ocyurus chrysurus,0.001,Ocyurus chrysurus,365629781.9
1970,Ocyurus chrysurus2,300,Ocyurus chrysurus2,365629781.9
1970,Ocyurus chrysurus3,100,Ocyurus chrysurus3,365629781.9
1970,Opisthonema oglinum,400,Opisthonema oglinum,365629781.9
1970,Pogonias cromis,1100,Pogonias cromis,365629781.9
1970,Scomberomorus brasiliensis,2300,Scomberomorus brasiliensis,365629781.9
1970,Scomberomorus cavalla,200,Scomberomorus cavalla,365629781.9
1970,Scomberomorus cavalla2,907,Scomberomorus cavalla2,365629781.9
1970,Scomberomorus cavalla3,1000,Scomberomorus cavalla3,365629781.9
1971,Arca zebra,4100,Arca zebra,378535040.8
1971,Callinectes sapidus,700,Callinectes sapidus,378535040.8
1971,Centropomus spp,1400,Centropomus spp,378535040.8
1971,Centropomus undecimalis,1400,Centropomus undecimalis,378535040.8
1971,Crassostrea virginica,32200,Crassostrea virginica,378535040.8
1971,Cynoscion nebulosus,200,Cynoscion nebulosus,378535040.8
1971,Lobatus gigas,100,Lobatus gigas,378535040.8
1971,Lobatus gigas2,1,Lobatus gigas2,378535040.8
1971,Lutjanus synagris,400,Lutjanus synagris,378535040.8
1971,Lutjanus synagris2,100,Lutjanus synagris2,378535040.8
1971,Menticirrhus littoralis,300,Menticirrhus littoralis,378535040.8
1971,Micropogonias furnieri,1300,Micropogonias furnieri,378535040.8
1971,Mugil cephalus,2700,Mugil cephalus,378535040.8
1971,Mugil liza,800,Mugil liza,378535040.8
1971,Ocyurus chrysurus,0.001,Ocyurus chrysurus,378535040.8
1971,Ocyurus chrysurus2,400,Ocyurus chrysurus2,378535040.8
1971,Ocyurus chrysurus3,200,Ocyurus chrysurus3,378535040.8
1971,Opisthonema oglinum,300,Opisthonema oglinum,378535040.8
1971,Pogonias cromis,1200,Pogonias cromis,378535040.8
1971,Scomberomorus brasiliensis,3200,Scomberomorus brasiliensis,378535040.8
1971,Scomberomorus cavalla,200,Scomberomorus cavalla,378535040.8
1971,Scomberomorus cavalla2,1300,Scomberomorus cavalla2,378535040.8
1971,Scomberomorus cavalla3,1600,Scomberomorus cavalla3,378535040.8
1972,Arca zebra,6200,Arca zebra,341939284
1972,Callinectes sapidus,1100,Callinectes sapidus,341939284
1972,Centropomus spp,2600,Centropomus spp,341939284
1972,Centropomus undecimalis,1300,Centropomus undecimalis,341939284
1972,Crassostrea virginica,30700,Crassostrea virginica,341939284
1972,Cynoscion nebulosus,600,Cynoscion nebulosus,341939284
1972,Lobatus gigas,100,Lobatus gigas,341939284
1972,Lobatus gigas2,750,Lobatus gigas2,341939284
1972,Lutjanus synagris,100,Lutjanus synagris,341939284
1972,Lutjanus synagris2,100,Lutjanus synagris2,341939284
1972,Menticirrhus littoralis,400,Menticirrhus littoralis,341939284
1972,Micropogonias furnieri,1500,Micropogonias furnieri,341939284
1972,Mugil cephalus,3200,Mugil cephalus,341939284
1972,Mugil liza,900,Mugil liza,341939284
1972,Ocyurus chrysurus,0.001,Ocyurus chrysurus,341939284
1972,Ocyurus chrysurus2,300,Ocyurus chrysurus2,341939284
1972,Ocyurus chrysurus3,200,Ocyurus chrysurus3,341939284
1972,Opisthonema oglinum,300,Opisthonema oglinum,341939284
1972,Pogonias cromis,1500,Pogonias cromis,341939284
1972,Scomberomorus brasiliensis,3000,Scomberomorus brasiliensis,341939284
1972,Scomberomorus cavalla,200,Scomberomorus cavalla,341939284
1972,Scomberomorus cavalla2,1520,Scomberomorus cavalla2,341939284
1972,Scomberomorus cavalla3,1100,Scomberomorus cavalla3,341939284
1973,Arca zebra,9100,Arca zebra,281476821.1
1973,Callinectes sapidus,2400,Callinectes sapidus,281476821.1
1973,Centropomus spp,2000,Centropomus spp,281476821.1
1973,Centropomus undecimalis,1300,Centropomus undecimalis,281476821.1
1973,Crassostrea virginica,30100,Crassostrea virginica,281476821.1
1973,Cynoscion nebulosus,800,Cynoscion nebulosus,281476821.1
1973,Lobatus gigas,100,Lobatus gigas,281476821.1
1973,Lobatus gigas2,750,Lobatus gigas2,281476821.1
1973,Lutjanus synagris,400,Lutjanus synagris,281476821.1
1973,Lutjanus synagris2,200,Lutjanus synagris2,281476821.1
1973,Menticirrhus littoralis,400,Menticirrhus littoralis,281476821.1
1973,Micropogonias furnieri,1800,Micropogonias furnieri,281476821.1
1973,Mugil cephalus,3800,Mugil cephalus,281476821.1
1973,Mugil liza,800,Mugil liza,281476821.1
1973,Ocyurus chrysurus,0.001,Ocyurus chrysurus,281476821.1
1973,Ocyurus chrysurus2,500,Ocyurus chrysurus2,281476821.1
1973,Ocyurus chrysurus3,100,Ocyurus chrysurus3,281476821.1
1973,Opisthonema oglinum,400,Opisthonema oglinum,281476821.1
1973,Pogonias cromis,2000,Pogonias cromis,281476821.1
1973,Scomberomorus brasiliensis,3300,Scomberomorus brasiliensis,281476821.1
1973,Scomberomorus cavalla,300,Scomberomorus cavalla,281476821.1
1973,Scomberomorus cavalla2,2189,Scomberomorus cavalla2,281476821.1
1973,Scomberomorus cavalla3,1500,Scomberomorus cavalla3,281476821.1
1974,Arca zebra,12178,Arca zebra,369543229.9
1974,Callinectes sapidus,3818,Callinectes sapidus,369543229.9
1974,Centropomus spp,1642,Centropomus spp,369543229.9
1974,Centropomus undecimalis,979,Centropomus undecimalis,369543229.9
1974,Crassostrea virginica,32671,Crassostrea virginica,369543229.9
1974,Cynoscion nebulosus,707,Cynoscion nebulosus,369543229.9
1974,Lobatus gigas,156,Lobatus gigas,369543229.9
1974,Lobatus gigas2,330,Lobatus gigas2,369543229.9
1974,Lutjanus synagris,223,Lutjanus synagris,369543229.9
1974,Lutjanus synagris2,215,Lutjanus synagris2,369543229.9
1974,Menticirrhus littoralis,438,Menticirrhus littoralis,369543229.9
1974,Micropogonias furnieri,2085,Micropogonias furnieri,369543229.9
1974,Mugil cephalus,3349,Mugil cephalus,369543229.9
1974,Mugil liza,534,Mugil liza,369543229.9
1974,Ocyurus chrysurus,285,Ocyurus chrysurus,369543229.9
1974,Ocyurus chrysurus2,446,Ocyurus chrysurus2,369543229.9
1974,Ocyurus chrysurus3,130,Ocyurus chrysurus3,369543229.9
1974,Opisthonema oglinum,600,Opisthonema oglinum,369543229.9
1974,Pogonias cromis,1498,Pogonias cromis,369543229.9
1974,Scomberomorus brasiliensis,3225,Scomberomorus brasiliensis,369543229.9
1974,Scomberomorus cavalla,324,Scomberomorus cavalla,369543229.9
1974,Scomberomorus cavalla2,1531,Scomberomorus cavalla2,369543229.9
1974,Scomberomorus cavalla3,2204,Scomberomorus cavalla3,369543229.9
1975,Arca zebra,8751,Arca zebra,411150516.7
1975,Callinectes sapidus,4645,Callinectes sapidus,411150516.7
1975,Centropomus spp,1184,Centropomus spp,411150516.7
1975,Centropomus undecimalis,1279,Centropomus undecimalis,411150516.7
1975,Crassostrea virginica,31174,Crassostrea virginica,411150516.7
1975,Cynoscion nebulosus,665,Cynoscion nebulosus,411150516.7
1975,Lobatus gigas,253,Lobatus gigas,411150516.7
1975,Lobatus gigas2,405,Lobatus gigas2,411150516.7
1975,Lutjanus synagris,247,Lutjanus synagris,411150516.7
1975,Lutjanus synagris2,403,Lutjanus synagris2,411150516.7
1975,Menticirrhus littoralis,476,Menticirrhus littoralis,411150516.7
1975,Micropogonias furnieri,2232,Micropogonias furnieri,411150516.7
1975,Mugil cephalus,3504,Mugil cephalus,411150516.7
1975,Mugil liza,1034,Mugil liza,411150516.7
1975,Ocyurus chrysurus,246,Ocyurus chrysurus,411150516.7
1975,Ocyurus chrysurus2,822,Ocyurus chrysurus2,411150516.7
1975,Ocyurus chrysurus3,110,Ocyurus chrysurus3,411150516.7
1975,Opisthonema oglinum,500,Opisthonema oglinum,411150516.7
1975,Pogonias cromis,1777,Pogonias cromis,411150516.7
1975,Scomberomorus brasiliensis,4066,Scomberomorus brasiliensis,411150516.7
1975,Scomberomorus cavalla,292,Scomberomorus cavalla,411150516.7
1975,Scomberomorus cavalla2,1354,Scomberomorus cavalla2,411150516.7
1975,Scomberomorus cavalla3,2388,Scomberomorus cavalla3,411150516.7
1976,Arca zebra,11101,Arca zebra,445401586
1976,Callinectes sapidus,3045,Callinectes sapidus,445401586
1976,Centropomus spp,819,Centropomus spp,445401586
1976,Centropomus undecimalis,982,Centropomus undecimalis,445401586
1976,Crassostrea virginica,28018,Crassostrea virginica,445401586
1976,Cynoscion nebulosus,1279,Cynoscion nebulosus,445401586
1976,Lobatus gigas,167,Lobatus gigas,445401586
1976,Lobatus gigas2,195,Lobatus gigas2,445401586
1976,Lutjanus synagris,121,Lutjanus synagris,445401586
1976,Lutjanus synagris2,161,Lutjanus synagris2,445401586
1976,Menticirrhus littoralis,522,Menticirrhus littoralis,445401586
1976,Micropogonias furnieri,2382,Micropogonias furnieri,445401586
1976,Mugil cephalus,3475,Mugil cephalus,445401586
1976,Mugil liza,1053,Mugil liza,445401586
1976,Ocyurus chrysurus,0,Ocyurus chrysurus,445401586
1976,Ocyurus chrysurus2,655,Ocyurus chrysurus2,445401586
1976,Ocyurus chrysurus3,124,Ocyurus chrysurus3,445401586
1976,Opisthonema oglinum,1000,Opisthonema oglinum,445401586
1976,Pogonias cromis,900,Pogonias cromis,445401586
1976,Scomberomorus brasiliensis,3533,Scomberomorus brasiliensis,445401586
1976,Scomberomorus cavalla,253,Scomberomorus cavalla,445401586
1976,Scomberomorus cavalla2,1497,Scomberomorus cavalla2,445401586
1976,Scomberomorus cavalla3,1731,Scomberomorus cavalla3,445401586
1977,Arca zebra,16287,Arca zebra,385832165.8
1977,Callinectes sapidus,4455,Callinectes sapidus,385832165.8
1977,Centropomus spp,1094,Centropomus spp,385832165.8
1977,Centropomus undecimalis,796,Centropomus undecimalis,385832165.8
1977,Crassostrea virginica,25087,Crassostrea virginica,385832165.8
1977,Cynoscion nebulosus,1278,Cynoscion nebulosus,385832165.8
1977,Lobatus gigas,133,Lobatus gigas,385832165.8
1977,Lobatus gigas2,135,Lobatus gigas2,385832165.8
1977,Lutjanus synagris,197,Lutjanus synagris,385832165.8
1977,Lutjanus synagris2,138,Lutjanus synagris2,385832165.8
1977,Menticirrhus littoralis,593,Menticirrhus littoralis,385832165.8
1977,Micropogonias furnieri,2480,Micropogonias furnieri,385832165.8
1977,Mugil cephalus,3297,Mugil cephalus,385832165.8
1977,Mugil liza,1567,Mugil liza,385832165.8
1977,Ocyurus chrysurus,0,Ocyurus chrysurus,385832165.8
1977,Ocyurus chrysurus2,630,Ocyurus chrysurus2,385832165.8
1977,Ocyurus chrysurus3,132,Ocyurus chrysurus3,385832165.8
1977,Opisthonema oglinum,2100,Opisthonema oglinum,385832165.8
1977,Pogonias cromis,990,Pogonias cromis,385832165.8
1977,Scomberomorus brasiliensis,3686,Scomberomorus brasiliensis,385832165.8
1977,Scomberomorus cavalla,174,Scomberomorus cavalla,385832165.8
1977,Scomberomorus cavalla2,1331,Scomberomorus cavalla2,385832165.8
1977,Scomberomorus cavalla3,1624,Scomberomorus cavalla3,385832165.8
1978,Arca zebra,44522,Arca zebra,428612035.3
1978,Callinectes sapidus,5615,Callinectes sapidus,428612035.3
1978,Centropomus spp,844,Centropomus spp,428612035.3
1978,Centropomus undecimalis,746,Centropomus undecimalis,428612035.3
1978,Crassostrea virginica,33591,Crassostrea virginica,428612035.3
1978,Cynoscion nebulosus,1210,Cynoscion nebulosus,428612035.3
1978,Lobatus gigas,292,Lobatus gigas,428612035.3
1978,Lobatus gigas2,495,Lobatus gigas2,428612035.3
1978,Lutjanus synagris,530,Lutjanus synagris,428612035.3
1978,Lutjanus synagris2,418,Lutjanus synagris2,428612035.3
1978,Menticirrhus littoralis,186,Menticirrhus littoralis,428612035.3
1978,Micropogonias furnieri,3147,Micropogonias furnieri,428612035.3
1978,Mugil cephalus,3474,Mugil cephalus,428612035.3
1978,Mugil liza,1426,Mugil liza,428612035.3
1978,Ocyurus chrysurus,182,Ocyurus chrysurus,428612035.3
1978,Ocyurus chrysurus2,723,Ocyurus chrysurus2,428612035.3
1978,Ocyurus chrysurus3,172,Ocyurus chrysurus3,428612035.3
1978,Opisthonema oglinum,2400,Opisthonema oglinum,428612035.3
1978,Pogonias cromis,752,Pogonias cromis,428612035.3
1978,Scomberomorus brasiliensis,3895,Scomberomorus brasiliensis,428612035.3
1978,Scomberomorus cavalla,317,Scomberomorus cavalla,428612035.3
1978,Scomberomorus cavalla2,1535,Scomberomorus cavalla2,428612035.3
1978,Scomberomorus cavalla3,1328,Scomberomorus cavalla3,428612035.3
1979,Arca zebra,14367,Arca zebra,432942584.6
1979,Callinectes sapidus,6054,Callinectes sapidus,432942584.6
1979,Centropomus spp,554,Centropomus spp,432942584.6
1979,Centropomus undecimalis,427,Centropomus undecimalis,432942584.6
1979,Crassostrea virginica,36059,Crassostrea virginica,432942584.6
1979,Cynoscion nebulosus,1432,Cynoscion nebulosus,432942584.6
1979,Lobatus gigas,412,Lobatus gigas,432942584.6
1979,Lobatus gigas2,1793,Lobatus gigas2,432942584.6
1979,Lutjanus synagris,99,Lutjanus synagris,432942584.6
1979,Lutjanus synagris2,297,Lutjanus synagris2,432942584.6
1979,Menticirrhus littoralis,263,Menticirrhus littoralis,432942584.6
1979,Micropogonias furnieri,1381,Micropogonias furnieri,432942584.6
1979,Mugil cephalus,3519,Mugil cephalus,432942584.6
1979,Mugil liza,974,Mugil liza,432942584.6
1979,Ocyurus chrysurus,285,Ocyurus chrysurus,432942584.6
1979,Ocyurus chrysurus2,519,Ocyurus chrysurus2,432942584.6
1979,Ocyurus chrysurus3,301,Ocyurus chrysurus3,432942584.6
1979,Opisthonema oglinum,2600,Opisthonema oglinum,432942584.6
1979,Pogonias cromis,947,Pogonias cromis,432942584.6
1979,Scomberomorus brasiliensis,3739,Scomberomorus brasiliensis,432942584.6
1979,Scomberomorus cavalla,415,Scomberomorus cavalla,432942584.6
1979,Scomberomorus cavalla2,2249,Scomberomorus cavalla2,432942584.6
1979,Scomberomorus cavalla3,1988,Scomberomorus cavalla3,432942584.6
1980,Arca zebra,9015,Arca zebra,455846725.3
1980,Callinectes sapidus,5814,Callinectes sapidus,455846725.3
1980,Centropomus spp,440,Centropomus spp,455846725.3
1980,Centropomus undecimalis,1204,Centropomus undecimalis,455846725.3
1980,Crassostrea virginica,41307,Crassostrea virginica,455846725.3
1980,Cynoscion nebulosus,1621,Cynoscion nebulosus,455846725.3
1980,Lobatus gigas,706,Lobatus gigas,455846725.3
1980,Lobatus gigas2,255,Lobatus gigas2,455846725.3
1980,Lutjanus synagris,315,Lutjanus synagris,455846725.3
1980,Lutjanus synagris2,252,Lutjanus synagris2,455846725.3
1980,Menticirrhus littoralis,178,Menticirrhus littoralis,455846725.3
1980,Micropogonias furnieri,3317,Micropogonias furnieri,455846725.3
1980,Mugil cephalus,2979,Mugil cephalus,455846725.3
1980,Mugil liza,1934,Mugil liza,455846725.3
1980,Ocyurus chrysurus,321,Ocyurus chrysurus,455846725.3
1980,Ocyurus chrysurus2,1261,Ocyurus chrysurus2,455846725.3
1980,Ocyurus chrysurus3,820,Ocyurus chrysurus3,455846725.3
1980,Opisthonema oglinum,1745,Opisthonema oglinum,455846725.3
1980,Pogonias cromis,519,Pogonias cromis,455846725.3
1980,Scomberomorus brasiliensis,4128,Scomberomorus brasiliensis,455846725.3
1980,Scomberomorus cavalla,479,Scomberomorus cavalla,455846725.3
1980,Scomberomorus cavalla2,1946,Scomberomorus cavalla2,455846725.3
1980,Scomberomorus cavalla3,1361,Scomberomorus cavalla3,455846725.3
1981,Arca zebra,18634,Arca zebra,504046732.4
1981,Callinectes sapidus,8201,Callinectes sapidus,504046732.4
1981,Centropomus spp,1541,Centropomus spp,504046732.4
1981,Centropomus undecimalis,1235,Centropomus undecimalis,504046732.4
1981,Crassostrea virginica,37706,Crassostrea virginica,504046732.4
1981,Cynoscion nebulosus,1500,Cynoscion nebulosus,504046732.4
1981,Lobatus gigas,1291,Lobatus gigas,504046732.4
1981,Lobatus gigas2,128,Lobatus gigas2,504046732.4
1981,Lutjanus synagris,536,Lutjanus synagris,504046732.4
1981,Lutjanus synagris2,406,Lutjanus synagris2,504046732.4
1981,Menticirrhus littoralis,397,Menticirrhus littoralis,504046732.4
1981,Micropogonias furnieri,4450,Micropogonias furnieri,504046732.4
1981,Mugil cephalus,2577,Mugil cephalus,504046732.4
1981,Mugil liza,2363,Mugil liza,504046732.4
1981,Ocyurus chrysurus,320,Ocyurus chrysurus,504046732.4
1981,Ocyurus chrysurus2,2224,Ocyurus chrysurus2,504046732.4
1981,Ocyurus chrysurus3,200,Ocyurus chrysurus3,504046732.4
1981,Opisthonema oglinum,1737,Opisthonema oglinum,504046732.4
1981,Pogonias cromis,504,Pogonias cromis,504046732.4
1981,Scomberomorus brasiliensis,3314,Scomberomorus brasiliensis,504046732.4
1981,Scomberomorus cavalla,503,Scomberomorus cavalla,504046732.4
1981,Scomberomorus cavalla2,2740,Scomberomorus cavalla2,504046732.4
1981,Scomberomorus cavalla3,1566,Scomberomorus cavalla3,504046732.4
1982,Arca zebra,12806,Arca zebra,529671129.4
1982,Callinectes sapidus,10464,Callinectes sapidus,529671129.4
1982,Centropomus spp,612,Centropomus spp,529671129.4
1982,Centropomus undecimalis,1302,Centropomus undecimalis,529671129.4
1982,Crassostrea virginica,30397,Crassostrea virginica,529671129.4
1982,Cynoscion nebulosus,1428,Cynoscion nebulosus,529671129.4
1982,Lobatus gigas,1169,Lobatus gigas,529671129.4
1982,Lobatus gigas2,98,Lobatus gigas2,529671129.4
1982,Lutjanus synagris,3,Lutjanus synagris,529671129.4
1982,Lutjanus synagris2,352,Lutjanus synagris2,529671129.4
1982,Menticirrhus littoralis,276,Menticirrhus littoralis,529671129.4
1982,Micropogonias furnieri,3566,Micropogonias furnieri,529671129.4
1982,Mugil cephalus,3312,Mugil cephalus,529671129.4
1982,Mugil liza,3783,Mugil liza,529671129.4
1982,Ocyurus chrysurus,202,Ocyurus chrysurus,529671129.4
1982,Ocyurus chrysurus2,1803,Ocyurus chrysurus2,529671129.4
1982,Ocyurus chrysurus3,211,Ocyurus chrysurus3,529671129.4
1982,Opisthonema oglinum,1930,Opisthonema oglinum,529671129.4
1982,Pogonias cromis,437,Pogonias cromis,529671129.4
1982,Scomberomorus brasiliensis,2895,Scomberomorus brasiliensis,529671129.4
1982,Scomberomorus cavalla,384,Scomberomorus cavalla,529671129.4
1982,Scomberomorus cavalla2,4409,Scomberomorus cavalla2,529671129.4
1982,Scomberomorus cavalla3,1905,Scomberomorus cavalla3,529671129.4
1983,Arca zebra,8262,Arca zebra,645268002.7
1983,Callinectes sapidus,6979,Callinectes sapidus,645268002.7
1983,Centropomus spp,147,Centropomus spp,645268002.7
1983,Centropomus undecimalis,1697,Centropomus undecimalis,645268002.7
1983,Crassostrea virginica,33506,Crassostrea virginica,645268002.7
1983,Cynoscion nebulosus,2182,Cynoscion nebulosus,645268002.7
1983,Lobatus gigas,1240,Lobatus gigas,645268002.7
1983,Lobatus gigas2,158,Lobatus gigas2,645268002.7
1983,Lutjanus synagris,10,Lutjanus synagris,645268002.7
1983,Lutjanus synagris2,680,Lutjanus synagris2,645268002.7
1983,Menticirrhus littoralis,393,Menticirrhus littoralis,645268002.7
1983,Micropogonias furnieri,3155,Micropogonias furnieri,645268002.7
1983,Mugil cephalus,3397,Mugil cephalus,645268002.7
1983,Mugil liza,2011,Mugil liza,645268002.7
1983,Ocyurus chrysurus,276,Ocyurus chrysurus,645268002.7
1983,Ocyurus chrysurus2,1627,Ocyurus chrysurus2,645268002.7
1983,Ocyurus chrysurus3,212,Ocyurus chrysurus3,645268002.7
1983,Opisthonema oglinum,2356,Opisthonema oglinum,645268002.7
1983,Pogonias cromis,433,Pogonias cromis,645268002.7
1983,Scomberomorus brasiliensis,3228,Scomberomorus brasiliensis,645268002.7
1983,Scomberomorus cavalla,168,Scomberomorus cavalla,645268002.7
1983,Scomberomorus cavalla2,2874,Scomberomorus cavalla2,645268002.7
1983,Scomberomorus cavalla3,1910,Scomberomorus cavalla3,645268002.7
1984,Arca zebra,20187,Arca zebra,659648793.8
1984,Callinectes sapidus,6659,Callinectes sapidus,659648793.8
1984,Centropomus spp,63,Centropomus spp,659648793.8
1984,Centropomus undecimalis,1088,Centropomus undecimalis,659648793.8
1984,Crassostrea virginica,42807,Crassostrea virginica,659648793.8
1984,Cynoscion nebulosus,2247,Cynoscion nebulosus,659648793.8
1984,Lobatus gigas,1504,Lobatus gigas,659648793.8
1984,Lobatus gigas2,1928,Lobatus gigas2,659648793.8
1984,Lutjanus synagris,291,Lutjanus synagris,659648793.8
1984,Lutjanus synagris2,474,Lutjanus synagris2,659648793.8
1984,Menticirrhus littoralis,428,Menticirrhus littoralis,659648793.8
1984,Micropogonias furnieri,3339,Micropogonias furnieri,659648793.8
1984,Mugil cephalus,3377,Mugil cephalus,659648793.8
1984,Mugil liza,1923,Mugil liza,659648793.8
1984,Ocyurus chrysurus,254,Ocyurus chrysurus,659648793.8
1984,Ocyurus chrysurus2,1173,Ocyurus chrysurus2,659648793.8
1984,Ocyurus chrysurus3,262,Ocyurus chrysurus3,659648793.8
1984,Opisthonema oglinum,1938,Opisthonema oglinum,659648793.8
1984,Pogonias cromis,475,Pogonias cromis,659648793.8
1984,Scomberomorus brasiliensis,2722,Scomberomorus brasiliensis,659648793.8
1984,Scomberomorus cavalla,1058,Scomberomorus cavalla,659648793.8
1984,Scomberomorus cavalla2,2164,Scomberomorus cavalla2,659648793.8
1984,Scomberomorus cavalla3,924,Scomberomorus cavalla3,659648793.8
1985,Arca zebra,12446,Arca zebra,712640958.1
1985,Callinectes sapidus,6320,Callinectes sapidus,712640958.1
1985,Centropomus spp,93,Centropomus spp,712640958.1
1985,Centropomus undecimalis,860,Centropomus undecimalis,712640958.1
1985,Crassostrea virginica,42667,Crassostrea virginica,712640958.1
1985,Cynoscion nebulosus,1833,Cynoscion nebulosus,712640958.1
1985,Lobatus gigas,1798,Lobatus gigas,712640958.1
1985,Lobatus gigas2,2258,Lobatus gigas2,712640958.1
1985,Lutjanus synagris,352,Lutjanus synagris,712640958.1
1985,Lutjanus synagris2,545,Lutjanus synagris2,712640958.1
1985,Menticirrhus littoralis,286,Menticirrhus littoralis,712640958.1
1985,Micropogonias furnieri,3275,Micropogonias furnieri,712640958.1
1985,Mugil cephalus,4640,Mugil cephalus,712640958.1
1985,Mugil liza,1522,Mugil liza,712640958.1
1985,Ocyurus chrysurus,155,Ocyurus chrysurus,712640958.1
1985,Ocyurus chrysurus2,274,Ocyurus chrysurus2,712640958.1
1985,Ocyurus chrysurus3,473,Ocyurus chrysurus3,712640958.1
1985,Opisthonema oglinum,2400,Opisthonema oglinum,712640958.1
1985,Pogonias cromis,203,Pogonias cromis,712640958.1
1985,Scomberomorus brasiliensis,4928,Scomberomorus brasiliensis,712640958.1
1985,Scomberomorus cavalla,1267,Scomberomorus cavalla,712640958.1
1985,Scomberomorus cavalla2,2303,Scomberomorus cavalla2,712640958.1
1985,Scomberomorus cavalla3,833,Scomberomorus cavalla3,712640958.1
1986,Arca zebra,10994,Arca zebra,728631724
1986,Callinectes sapidus,5187,Callinectes sapidus,728631724
1986,Centropomus spp,98,Centropomus spp,728631724
1986,Centropomus undecimalis,614,Centropomus undecimalis,728631724
1986,Crassostrea virginica,42375,Crassostrea virginica,728631724
1986,Cynoscion nebulosus,1870,Cynoscion nebulosus,728631724
1986,Lobatus gigas,1583,Lobatus gigas,728631724
1986,Lobatus gigas2,2970,Lobatus gigas2,728631724
1986,Lutjanus synagris,354,Lutjanus synagris,728631724
1986,Lutjanus synagris2,633,Lutjanus synagris2,728631724
1986,Menticirrhus littoralis,234,Menticirrhus littoralis,728631724
1986,Micropogonias furnieri,3965,Micropogonias furnieri,728631724
1986,Mugil cephalus,4429,Mugil cephalus,728631724
1986,Mugil liza,1266,Mugil liza,728631724
1986,Ocyurus chrysurus,210,Ocyurus chrysurus,728631724
1986,Ocyurus chrysurus2,1752,Ocyurus chrysurus2,728631724
1986,Ocyurus chrysurus3,351,Ocyurus chrysurus3,728631724
1986,Opisthonema oglinum,2406,Opisthonema oglinum,728631724
1986,Pogonias cromis,229,Pogonias cromis,728631724
1986,Scomberomorus brasiliensis,2548,Scomberomorus brasiliensis,728631724
1986,Scomberomorus cavalla,1271,Scomberomorus cavalla,728631724
1986,Scomberomorus cavalla2,2643,Scomberomorus cavalla2,728631724
1986,Scomberomorus cavalla3,933,Scomberomorus cavalla3,728631724
1987,Arca zebra,18036,Arca zebra,843315431.5
1987,Callinectes sapidus,5666,Callinectes sapidus,843315431.5
1987,Centropomus spp,309,Centropomus spp,843315431.5
1987,Centropomus undecimalis,723,Centropomus undecimalis,843315431.5
1987,Crassostrea virginica,50715,Crassostrea virginica,843315431.5
1987,Cynoscion nebulosus,2010,Cynoscion nebulosus,843315431.5
1987,Lobatus gigas,577,Lobatus gigas,843315431.5
1987,Lobatus gigas2,510,Lobatus gigas2,843315431.5
1987,Lutjanus synagris,234,Lutjanus synagris,843315431.5
1987,Lutjanus synagris2,631,Lutjanus synagris2,843315431.5
1987,Menticirrhus littoralis,625,Menticirrhus littoralis,843315431.5
1987,Micropogonias furnieri,4104,Micropogonias furnieri,843315431.5
1987,Mugil cephalus,3662,Mugil cephalus,843315431.5
1987,Mugil liza,1740,Mugil liza,843315431.5
1987,Ocyurus chrysurus,191,Ocyurus chrysurus,843315431.5
1987,Ocyurus chrysurus2,2164,Ocyurus chrysurus2,843315431.5
1987,Ocyurus chrysurus3,388,Ocyurus chrysurus3,843315431.5
1987,Opisthonema oglinum,1790,Opisthonema oglinum,843315431.5
1987,Pogonias cromis,142,Pogonias cromis,843315431.5
1987,Scomberomorus brasiliensis,3576,Scomberomorus brasiliensis,843315431.5
1987,Scomberomorus cavalla,1321,Scomberomorus cavalla,843315431.5
1987,Scomberomorus cavalla2,3067,Scomberomorus cavalla2,843315431.5
1987,Scomberomorus cavalla3,1022,Scomberomorus cavalla3,843315431.5
1988,Arca zebra,17966,Arca zebra,986391062.1
1988,Callinectes sapidus,6194,Callinectes sapidus,986391062.1
1988,Centropomus spp,259,Centropomus spp,986391062.1
1988,Centropomus undecimalis,814,Centropomus undecimalis,986391062.1
1988,Crassostrea virginica,56118,Crassostrea virginica,986391062.1
1988,Cynoscion nebulosus,2178,Cynoscion nebulosus,986391062.1
1988,Lobatus gigas,1710,Lobatus gigas,986391062.1
1988,Lobatus gigas2,248,Lobatus gigas2,986391062.1
1988,Lutjanus synagris,105,Lutjanus synagris,986391062.1
1988,Lutjanus synagris2,650,Lutjanus synagris2,986391062.1
1988,Menticirrhus littoralis,281,Menticirrhus littoralis,986391062.1
1988,Micropogonias furnieri,3357,Micropogonias furnieri,986391062.1
1988,Mugil cephalus,3466,Mugil cephalus,986391062.1
1988,Mugil liza,2117,Mugil liza,986391062.1
1988,Ocyurus chrysurus,194,Ocyurus chrysurus,986391062.1
1988,Ocyurus chrysurus2,1520,Ocyurus chrysurus2,986391062.1
1988,Ocyurus chrysurus3,464,Ocyurus chrysurus3,986391062.1
1988,Opisthonema oglinum,2268,Opisthonema oglinum,986391062.1
1988,Pogonias cromis,173,Pogonias cromis,986391062.1
1988,Scomberomorus brasiliensis,4447,Scomberomorus brasiliensis,986391062.1
1988,Scomberomorus cavalla,1435,Scomberomorus cavalla,986391062.1
1988,Scomberomorus cavalla2,3100,Scomberomorus cavalla2,986391062.1
1988,Scomberomorus cavalla3,2087,Scomberomorus cavalla3,986391062.1
1989,Arca zebra,27279,Arca zebra,840150841.9
1989,Callinectes sapidus,5974,Callinectes sapidus,840150841.9
1989,Centropomus spp,229,Centropomus spp,840150841.9
1989,Centropomus undecimalis,932,Centropomus undecimalis,840150841.9
1989,Crassostrea virginica,56599,Crassostrea virginica,840150841.9
1989,Cynoscion nebulosus,2164,Cynoscion nebulosus,840150841.9
1989,Lobatus gigas,5583,Lobatus gigas,840150841.9
1989,Lobatus gigas2,863,Lobatus gigas2,840150841.9
1989,Lutjanus synagris,199,Lutjanus synagris,840150841.9
1989,Lutjanus synagris2,566,Lutjanus synagris2,840150841.9
1989,Menticirrhus littoralis,436,Menticirrhus littoralis,840150841.9
1989,Micropogonias furnieri,4297,Micropogonias furnieri,840150841.9
1989,Mugil cephalus,5115,Mugil cephalus,840150841.9
1989,Mugil liza,3241,Mugil liza,840150841.9
1989,Ocyurus chrysurus,197,Ocyurus chrysurus,840150841.9
1989,Ocyurus chrysurus2,2519,Ocyurus chrysurus2,840150841.9
1989,Ocyurus chrysurus3,674,Ocyurus chrysurus3,840150841.9
1989,Opisthonema oglinum,2151,Opisthonema oglinum,840150841.9
1989,Pogonias cromis,381,Pogonias cromis,840150841.9
1989,Scomberomorus brasiliensis,4851,Scomberomorus brasiliensis,840150841.9
1989,Scomberomorus cavalla,1430,Scomberomorus cavalla,840150841.9
1989,Scomberomorus cavalla2,2300,Scomberomorus cavalla2,840150841.9
1989,Scomberomorus cavalla3,1669,Scomberomorus cavalla3,840150841.9
1990,Arca zebra,27894,Arca zebra,894661355
1990,Callinectes sapidus,7400,Callinectes sapidus,894661355
1990,Centropomus spp,118,Centropomus spp,894661355
1990,Centropomus undecimalis,1246,Centropomus undecimalis,894661355
1990,Crassostrea virginica,48345,Crassostrea virginica,894661355
1990,Cynoscion nebulosus,2429,Cynoscion nebulosus,894661355
1990,Lobatus gigas,5120,Lobatus gigas,894661355
1990,Lobatus gigas2,1620,Lobatus gigas2,894661355
1990,Lutjanus synagris,1070,Lutjanus synagris,894661355
1990,Lutjanus synagris2,680,Lutjanus synagris2,894661355
1990,Menticirrhus littoralis,652,Menticirrhus littoralis,894661355
1990,Micropogonias furnieri,4722,Micropogonias furnieri,894661355
1990,Mugil cephalus,8237,Mugil cephalus,894661355
1990,Mugil liza,2686,Mugil liza,894661355
1990,Ocyurus chrysurus,180,Ocyurus chrysurus,894661355
1990,Ocyurus chrysurus2,3226,Ocyurus chrysurus2,894661355
1990,Ocyurus chrysurus3,715,Ocyurus chrysurus3,894661355
1990,Opisthonema oglinum,2511,Opisthonema oglinum,894661355
1990,Pogonias cromis,228,Pogonias cromis,894661355
1990,Scomberomorus brasiliensis,4931,Scomberomorus brasiliensis,894661355
1990,Scomberomorus cavalla,1323,Scomberomorus cavalla,894661355
1990,Scomberomorus cavalla2,2689,Scomberomorus cavalla2,894661355
1990,Scomberomorus cavalla3,1501,Scomberomorus cavalla3,894661355
1991,Arca zebra,15649,Arca zebra,970160034.5
1991,Callinectes sapidus,8651,Callinectes sapidus,970160034.5
1991,Centropomus spp,61,Centropomus spp,970160034.5
1991,Centropomus undecimalis,1354,Centropomus undecimalis,970160034.5
1991,Crassostrea virginica,34714,Crassostrea virginica,970160034.5
1991,Cynoscion nebulosus,1022,Cynoscion nebulosus,970160034.5
1991,Lobatus gigas,4300,Lobatus gigas,970160034.5
1991,Lobatus gigas2,5813,Lobatus gigas2,970160034.5
1991,Lutjanus synagris,446,Lutjanus synagris,970160034.5
1991,Lutjanus synagris2,648,Lutjanus synagris2,970160034.5
1991,Menticirrhus littoralis,694,Menticirrhus littoralis,970160034.5
1991,Micropogonias furnieri,7465,Micropogonias furnieri,970160034.5
1991,Mugil cephalus,8431,Mugil cephalus,970160034.5
1991,Mugil liza,3784,Mugil liza,970160034.5
1991,Ocyurus chrysurus,183,Ocyurus chrysurus,970160034.5
1991,Ocyurus chrysurus2,2320,Ocyurus chrysurus2,970160034.5
1991,Ocyurus chrysurus3,659,Ocyurus chrysurus3,970160034.5
1991,Opisthonema oglinum,2550,Opisthonema oglinum,970160034.5
1991,Pogonias cromis,370,Pogonias cromis,970160034.5
1991,Scomberomorus brasiliensis,7419,Scomberomorus brasiliensis,970160034.5
1991,Scomberomorus cavalla,762,Scomberomorus cavalla,970160034.5
1991,Scomberomorus cavalla2,2147,Scomberomorus cavalla2,970160034.5
1991,Scomberomorus cavalla3,2461,Scomberomorus cavalla3,970160034.5
1992,Arca zebra,15793,Arca zebra,952153040.5
1992,Callinectes sapidus,9372,Callinectes sapidus,952153040.5
1992,Centropomus spp,387,Centropomus spp,952153040.5
1992,Centropomus undecimalis,2593,Centropomus undecimalis,952153040.5
1992,Crassostrea virginica,28891,Crassostrea virginica,952153040.5
1992,Cynoscion nebulosus,1855,Cynoscion nebulosus,952153040.5
1992,Lobatus gigas,2640,Lobatus gigas,952153040.5
1992,Lobatus gigas2,5415,Lobatus gigas2,952153040.5
1992,Lutjanus synagris,548,Lutjanus synagris,952153040.5
1992,Lutjanus synagris2,2463,Lutjanus synagris2,952153040.5
1992,Menticirrhus littoralis,454,Menticirrhus littoralis,952153040.5
1992,Micropogonias furnieri,5387,Micropogonias furnieri,952153040.5
1992,Mugil cephalus,8244,Mugil cephalus,952153040.5
1992,Mugil liza,4070,Mugil liza,952153040.5
1992,Ocyurus chrysurus,267,Ocyurus chrysurus,952153040.5
1992,Ocyurus chrysurus2,1132,Ocyurus chrysurus2,952153040.5
1992,Ocyurus chrysurus3,659,Ocyurus chrysurus3,952153040.5
1992,Opisthonema oglinum,1572,Opisthonema oglinum,952153040.5
1992,Pogonias cromis,274,Pogonias cromis,952153040.5
1992,Scomberomorus brasiliensis,4925,Scomberomorus brasiliensis,952153040.5
1992,Scomberomorus cavalla,782,Scomberomorus cavalla,952153040.5
1992,Scomberomorus cavalla2,3014,Scomberomorus cavalla2,952153040.5
1992,Scomberomorus cavalla3,2351,Scomberomorus cavalla3,952153040.5
1993,Arca zebra,28581,Arca zebra,998017400.5
1993,Callinectes sapidus,11076,Callinectes sapidus,998017400.5
1993,Centropomus spp,86,Centropomus spp,998017400.5
1993,Centropomus undecimalis,4783,Centropomus undecimalis,998017400.5
1993,Crassostrea virginica,22821,Crassostrea virginica,998017400.5
1993,Cynoscion nebulosus,1716,Cynoscion nebulosus,998017400.5
1993,Lobatus gigas,2600,Lobatus gigas,998017400.5
1993,Lobatus gigas2,3638,Lobatus gigas2,998017400.5
1993,Lutjanus synagris,224,Lutjanus synagris,998017400.5
1993,Lutjanus synagris2,2745,Lutjanus synagris2,998017400.5
1993,Menticirrhus littoralis,582,Menticirrhus littoralis,998017400.5
1993,Micropogonias furnieri,6697,Micropogonias furnieri,998017400.5
1993,Mugil cephalus,9103,Mugil cephalus,998017400.5
1993,Mugil liza,4402,Mugil liza,998017400.5
1993,Ocyurus chrysurus,273,Ocyurus chrysurus,998017400.5
1993,Ocyurus chrysurus2,910,Ocyurus chrysurus2,998017400.5
1993,Ocyurus chrysurus3,678,Ocyurus chrysurus3,998017400.5
1993,Opisthonema oglinum,886,Opisthonema oglinum,998017400.5
1993,Pogonias cromis,250,Pogonias cromis,998017400.5
1993,Scomberomorus brasiliensis,7207,Scomberomorus brasiliensis,998017400.5
1993,Scomberomorus cavalla,791,Scomberomorus cavalla,998017400.5
1993,Scomberomorus cavalla2,3289,Scomberomorus cavalla2,998017400.5
1993,Scomberomorus cavalla3,1992,Scomberomorus cavalla3,998017400.5
1994,Arca zebra,31193,Arca zebra,867055953.7
1994,Callinectes sapidus,11026,Callinectes sapidus,867055953.7
1994,Centropomus spp,13,Centropomus spp,867055953.7
1994,Centropomus undecimalis,4569,Centropomus undecimalis,867055953.7
1994,Crassostrea virginica,33647,Crassostrea virginica,867055953.7
1994,Cynoscion nebulosus,1253,Cynoscion nebulosus,867055953.7
1994,Lobatus gigas,4680,Lobatus gigas,867055953.7
1994,Lobatus gigas2,3623,Lobatus gigas2,867055953.7
1994,Lutjanus synagris,58,Lutjanus synagris,867055953.7
1994,Lutjanus synagris2,1875,Lutjanus synagris2,867055953.7
1994,Menticirrhus littoralis,869,Menticirrhus littoralis,867055953.7
1994,Micropogonias furnieri,6058,Micropogonias furnieri,867055953.7
1994,Mugil cephalus,10678,Mugil cephalus,867055953.7
1994,Mugil liza,3644,Mugil liza,867055953.7
1994,Ocyurus chrysurus,671,Ocyurus chrysurus,867055953.7
1994,Ocyurus chrysurus2,1184,Ocyurus chrysurus2,867055953.7
1994,Ocyurus chrysurus3,684,Ocyurus chrysurus3,867055953.7
1994,Opisthonema oglinum,1384,Opisthonema oglinum,867055953.7
1994,Pogonias cromis,204,Pogonias cromis,867055953.7
1994,Scomberomorus brasiliensis,6012,Scomberomorus brasiliensis,867055953.7
1994,Scomberomorus cavalla,1330,Scomberomorus cavalla,867055953.7
1994,Scomberomorus cavalla2,3097,Scomberomorus cavalla2,867055953.7
1994,Scomberomorus cavalla3,2484,Scomberomorus cavalla3,867055953.7
1995,Arca zebra,33987,Arca zebra,910793702.2
1995,Callinectes sapidus,10657,Callinectes sapidus,910793702.2
1995,Centropomus spp,22,Centropomus spp,910793702.2
1995,Centropomus undecimalis,3023,Centropomus undecimalis,910793702.2
1995,Crassostrea virginica,27609,Crassostrea virginica,910793702.2
1995,Cynoscion nebulosus,3107,Cynoscion nebulosus,910793702.2
1995,Lobatus gigas,2210,Lobatus gigas,910793702.2
1995,Lobatus gigas2,5063,Lobatus gigas2,910793702.2
1995,Lutjanus synagris,225,Lutjanus synagris,910793702.2
1995,Lutjanus synagris2,968,Lutjanus synagris2,910793702.2
1995,Menticirrhus littoralis,948,Menticirrhus littoralis,910793702.2
1995,Micropogonias furnieri,7043,Micropogonias furnieri,910793702.2
1995,Mugil cephalus,9363,Mugil cephalus,910793702.2
1995,Mugil liza,3228,Mugil liza,910793702.2
1995,Ocyurus chrysurus,248,Ocyurus chrysurus,910793702.2
1995,Ocyurus chrysurus2,825,Ocyurus chrysurus2,910793702.2
1995,Ocyurus chrysurus3,511,Ocyurus chrysurus3,910793702.2
1995,Opisthonema oglinum,2005,Opisthonema oglinum,910793702.2
1995,Pogonias cromis,166,Pogonias cromis,910793702.2
1995,Scomberomorus brasiliensis,6541,Scomberomorus brasiliensis,910793702.2
1995,Scomberomorus cavalla,2042,Scomberomorus cavalla,910793702.2
1995,Scomberomorus cavalla2,3050,Scomberomorus cavalla2,910793702.2
1995,Scomberomorus cavalla3,3026,Scomberomorus cavalla3,910793702.2
1996,Arca zebra,31925,Arca zebra,1031342433
1996,Callinectes sapidus,13736,Callinectes sapidus,1031342433
1996,Centropomus spp,111,Centropomus spp,1031342433
1996,Centropomus undecimalis,2177,Centropomus undecimalis,1031342433
1996,Crassostrea virginica,34726,Crassostrea virginica,1031342433
1996,Cynoscion nebulosus,3213,Cynoscion nebulosus,1031342433
1996,Lobatus gigas,1889,Lobatus gigas,1031342433
1996,Lobatus gigas2,4568,Lobatus gigas2,1031342433
1996,Lutjanus synagris,236,Lutjanus synagris,1031342433
1996,Lutjanus synagris2,950,Lutjanus synagris2,1031342433
1996,Menticirrhus littoralis,1070,Menticirrhus littoralis,1031342433
1996,Micropogonias furnieri,6065,Micropogonias furnieri,1031342433
1996,Mugil cephalus,8839,Mugil cephalus,1031342433
1996,Mugil liza,3248,Mugil liza,1031342433
1996,Ocyurus chrysurus,793,Ocyurus chrysurus,1031342433
1996,Ocyurus chrysurus2,858,Ocyurus chrysurus2,1031342433
1996,Ocyurus chrysurus3,338,Ocyurus chrysurus3,1031342433
1996,Opisthonema oglinum,2361,Opisthonema oglinum,1031342433
1996,Pogonias cromis,134,Pogonias cromis,1031342433
1996,Scomberomorus brasiliensis,5388,Scomberomorus brasiliensis,1031342433
1996,Scomberomorus cavalla,1648,Scomberomorus cavalla,1031342433
1996,Scomberomorus cavalla2,4377,Scomberomorus cavalla2,1031342433
1996,Scomberomorus cavalla3,3169,Scomberomorus cavalla3,1031342433
1997,Arca zebra,39128,Arca zebra,811593600.3
1997,Callinectes sapidus,14412,Callinectes sapidus,811593600.3
1997,Centropomus spp,5,Centropomus spp,811593600.3
1997,Centropomus undecimalis,1560,Centropomus undecimalis,811593600.3
1997,Crassostrea virginica,38515,Crassostrea virginica,811593600.3
1997,Cynoscion nebulosus,3448,Cynoscion nebulosus,811593600.3
1997,Lobatus gigas,1594,Lobatus gigas,811593600.3
1997,Lobatus gigas2,6510,Lobatus gigas2,811593600.3
1997,Lutjanus synagris,35,Lutjanus synagris,811593600.3
1997,Lutjanus synagris2,641,Lutjanus synagris2,811593600.3
1997,Menticirrhus littoralis,1220,Menticirrhus littoralis,811593600.3
1997,Micropogonias furnieri,3694,Micropogonias furnieri,811593600.3
1997,Mugil cephalus,6465,Mugil cephalus,811593600.3
1997,Mugil liza,1550,Mugil liza,811593600.3
1997,Ocyurus chrysurus,529,Ocyurus chrysurus,811593600.3
1997,Ocyurus chrysurus2,840,Ocyurus chrysurus2,811593600.3
1997,Ocyurus chrysurus3,335,Ocyurus chrysurus3,811593600.3
1997,Opisthonema oglinum,1900,Opisthonema oglinum,811593600.3
1997,Pogonias cromis,362,Pogonias cromis,811593600.3
1997,Scomberomorus brasiliensis,5940,Scomberomorus brasiliensis,811593600.3
1997,Scomberomorus cavalla,589,Scomberomorus cavalla,811593600.3
1997,Scomberomorus cavalla2,5370,Scomberomorus cavalla2,811593600.3
1997,Scomberomorus cavalla3,4675,Scomberomorus cavalla3,811593600.3
1998,Arca zebra,27981,Arca zebra,934292285.8
1998,Callinectes sapidus,12920,Callinectes sapidus,934292285.8
1998,Centropomus spp,0,Centropomus spp,934292285.8
1998,Centropomus undecimalis,2022,Centropomus undecimalis,934292285.8
1998,Crassostrea virginica,30715,Crassostrea virginica,934292285.8
1998,Cynoscion nebulosus,6600,Cynoscion nebulosus,934292285.8
1998,Lobatus gigas,2683,Lobatus gigas,934292285.8
1998,Lobatus gigas2,4508,Lobatus gigas2,934292285.8
1998,Lutjanus synagris,12,Lutjanus synagris,934292285.8
1998,Lutjanus synagris2,591,Lutjanus synagris2,934292285.8
1998,Menticirrhus littoralis,1824,Menticirrhus littoralis,934292285.8
1998,Micropogonias furnieri,4871,Micropogonias furnieri,934292285.8
1998,Mugil cephalus,6284,Mugil cephalus,934292285.8
1998,Mugil liza,2874,Mugil liza,934292285.8
1998,Ocyurus chrysurus,190,Ocyurus chrysurus,934292285.8
1998,Ocyurus chrysurus2,1900,Ocyurus chrysurus2,934292285.8
1998,Ocyurus chrysurus3,272,Ocyurus chrysurus3,934292285.8
1998,Opisthonema oglinum,1286,Opisthonema oglinum,934292285.8
1998,Pogonias cromis,392,Pogonias cromis,934292285.8
1998,Scomberomorus brasiliensis,6406,Scomberomorus brasiliensis,934292285.8
1998,Scomberomorus cavalla,288,Scomberomorus cavalla,934292285.8
1998,Scomberomorus cavalla2,4598,Scomberomorus cavalla2,934292285.8
1998,Scomberomorus cavalla3,1526,Scomberomorus cavalla3,934292285.8
1999,Arca zebra,38646,Arca zebra,901728905
1999,Callinectes sapidus,12714,Callinectes sapidus,901728905
1999,Centropomus spp,11,Centropomus spp,901728905
1999,Centropomus undecimalis,1704,Centropomus undecimalis,901728905
1999,Crassostrea virginica,39268,Crassostrea virginica,901728905
1999,Cynoscion nebulosus,6549,Cynoscion nebulosus,901728905
1999,Lobatus gigas,1257,Lobatus gigas,901728905
1999,Lobatus gigas2,5408,Lobatus gigas2,901728905
1999,Lutjanus synagris,45,Lutjanus synagris,901728905
1999,Lutjanus synagris2,630,Lutjanus synagris2,901728905
1999,Menticirrhus littoralis,1576,Menticirrhus littoralis,901728905
1999,Micropogonias furnieri,1900,Micropogonias furnieri,901728905
1999,Mugil cephalus,5151,Mugil cephalus,901728905
1999,Mugil liza,2855,Mugil liza,901728905
1999,Ocyurus chrysurus,234,Ocyurus chrysurus,901728905
1999,Ocyurus chrysurus2,1554,Ocyurus chrysurus2,901728905
1999,Ocyurus chrysurus3,220,Ocyurus chrysurus3,901728905
1999,Opisthonema oglinum,1756,Opisthonema oglinum,901728905
1999,Pogonias cromis,179,Pogonias cromis,901728905
1999,Scomberomorus brasiliensis,4237,Scomberomorus brasiliensis,901728905
1999,Scomberomorus cavalla,230,Scomberomorus cavalla,901728905
1999,Scomberomorus cavalla2,5002,Scomberomorus cavalla2,901728905
1999,Scomberomorus cavalla3,3269,Scomberomorus cavalla3,901728905
2000,Arca zebra,44709,Arca zebra,815836862.4
2000,Callinectes sapidus,8602,Callinectes sapidus,815836862.4
2000,Centropomus spp,26,Centropomus spp,815836862.4
2000,Centropomus undecimalis,1850,Centropomus undecimalis,815836862.4
2000,Crassostrea virginica,48101,Crassostrea virginica,815836862.4
2000,Cynoscion nebulosus,6227,Cynoscion nebulosus,815836862.4
2000,Lobatus gigas,1778,Lobatus gigas,815836862.4
2000,Lobatus gigas2,5348,Lobatus gigas2,815836862.4
2000,Lutjanus synagris,3,Lutjanus synagris,815836862.4
2000,Lutjanus synagris2,430,Lutjanus synagris2,815836862.4
2000,Menticirrhus littoralis,606,Menticirrhus littoralis,815836862.4
2000,Micropogonias furnieri,3262,Micropogonias furnieri,815836862.4
2000,Mugil cephalus,5467,Mugil cephalus,815836862.4
2000,Mugil liza,3186,Mugil liza,815836862.4
2000,Ocyurus chrysurus,249,Ocyurus chrysurus,815836862.4
2000,Ocyurus chrysurus2,1357,Ocyurus chrysurus2,815836862.4
2000,Ocyurus chrysurus3,291,Ocyurus chrysurus3,815836862.4
2000,Opisthonema oglinum,1522,Opisthonema oglinum,815836862.4
2000,Pogonias cromis,207,Pogonias cromis,815836862.4
2000,Scomberomorus brasiliensis,5654,Scomberomorus brasiliensis,815836862.4
2000,Scomberomorus cavalla,271,Scomberomorus cavalla,815836862.4
2000,Scomberomorus cavalla2,4576,Scomberomorus cavalla2,815836862.4
2000,Scomberomorus cavalla3,2144,Scomberomorus cavalla3,815836862.4
2001,Arca zebra,43675,Arca zebra,901315110.5
2001,Callinectes sapidus,7291,Callinectes sapidus,901315110.5
2001,Centropomus spp,0,Centropomus spp,901315110.5
2001,Centropomus undecimalis,1903,Centropomus undecimalis,901315110.5
2001,Crassostrea virginica,48570,Crassostrea virginica,901315110.5
2001,Cynoscion nebulosus,4799,Cynoscion nebulosus,901315110.5
2001,Lobatus gigas,1437,Lobatus gigas,901315110.5
2001,Lobatus gigas2,5550,Lobatus gigas2,901315110.5
2001,Lutjanus synagris,0,Lutjanus synagris,901315110.5
2001,Lutjanus synagris2,693,Lutjanus synagris2,901315110.5
2001,Menticirrhus littoralis,484,Menticirrhus littoralis,901315110.5
2001,Micropogonias furnieri,6848,Micropogonias furnieri,901315110.5
2001,Mugil cephalus,5008,Mugil cephalus,901315110.5
2001,Mugil liza,2537,Mugil liza,901315110.5
2001,Ocyurus chrysurus,356,Ocyurus chrysurus,901315110.5
2001,Ocyurus chrysurus2,1600,Ocyurus chrysurus2,901315110.5
2001,Ocyurus chrysurus3,158,Ocyurus chrysurus3,901315110.5
2001,Opisthonema oglinum,1676,Opisthonema oglinum,901315110.5
2001,Pogonias cromis,143,Pogonias cromis,901315110.5
2001,Scomberomorus brasiliensis,5598,Scomberomorus brasiliensis,901315110.5
2001,Scomberomorus cavalla,261,Scomberomorus cavalla,901315110.5
2001,Scomberomorus cavalla2,5119,Scomberomorus cavalla2,901315110.5
2001,Scomberomorus cavalla3,2510,Scomberomorus cavalla3,901315110.5
2002,Arca zebra,44725,Arca zebra,821330401.1
2002,Callinectes sapidus,8063,Callinectes sapidus,821330401.1
2002,Centropomus spp,10,Centropomus spp,821330401.1
2002,Centropomus undecimalis,1437,Centropomus undecimalis,821330401.1
2002,Crassostrea virginica,47570,Crassostrea virginica,821330401.1
2002,Cynoscion nebulosus,5957,Cynoscion nebulosus,821330401.1
2002,Lobatus gigas,2685,Lobatus gigas,821330401.1
2002,Lobatus gigas2,6000,Lobatus gigas2,821330401.1
2002,Lutjanus synagris,20,Lutjanus synagris,821330401.1
2002,Lutjanus synagris2,280,Lutjanus synagris2,821330401.1
2002,Menticirrhus littoralis,630,Menticirrhus littoralis,821330401.1
2002,Micropogonias furnieri,2892,Micropogonias furnieri,821330401.1
2002,Mugil cephalus,4866,Mugil cephalus,821330401.1
2002,Mugil liza,2294,Mugil liza,821330401.1
2002,Ocyurus chrysurus,134,Ocyurus chrysurus,821330401.1
2002,Ocyurus chrysurus2,1702,Ocyurus chrysurus2,821330401.1
2002,Ocyurus chrysurus3,213,Ocyurus chrysurus3,821330401.1
2002,Opisthonema oglinum,1799,Opisthonema oglinum,821330401.1
2002,Pogonias cromis,165,Pogonias cromis,821330401.1
2002,Scomberomorus brasiliensis,5250,Scomberomorus brasiliensis,821330401.1
2002,Scomberomorus cavalla,653,Scomberomorus cavalla,821330401.1
2002,Scomberomorus cavalla2,5720,Scomberomorus cavalla2,821330401.1
2002,Scomberomorus cavalla3,4048,Scomberomorus cavalla3,821330401.1
2003,Arca zebra,45850,Arca zebra,896139577.6
2003,Callinectes sapidus,6023,Callinectes sapidus,896139577.6
2003,Centropomus spp,25,Centropomus spp,896139577.6
2003,Centropomus undecimalis,2615,Centropomus undecimalis,896139577.6
2003,Crassostrea virginica,45330,Crassostrea virginica,896139577.6
2003,Cynoscion nebulosus,2464,Cynoscion nebulosus,896139577.6
2003,Lobatus gigas,1654,Lobatus gigas,896139577.6
2003,Lobatus gigas2,7515,Lobatus gigas2,896139577.6
2003,Lutjanus synagris,33,Lutjanus synagris,896139577.6
2003,Lutjanus synagris2,256,Lutjanus synagris2,896139577.6
2003,Menticirrhus littoralis,248,Menticirrhus littoralis,896139577.6
2003,Micropogonias furnieri,3824,Micropogonias furnieri,896139577.6
2003,Mugil cephalus,5481,Mugil cephalus,896139577.6
2003,Mugil liza,3214,Mugil liza,896139577.6
2003,Ocyurus chrysurus,151,Ocyurus chrysurus,896139577.6
2003,Ocyurus chrysurus2,591,Ocyurus chrysurus2,896139577.6
2003,Ocyurus chrysurus3,585,Ocyurus chrysurus3,896139577.6
2003,Opisthonema oglinum,1740,Opisthonema oglinum,896139577.6
2003,Pogonias cromis,73,Pogonias cromis,896139577.6
2003,Scomberomorus brasiliensis,5628,Scomberomorus brasiliensis,896139577.6
2003,Scomberomorus cavalla,452,Scomberomorus cavalla,896139577.6
2003,Scomberomorus cavalla2,4369,Scomberomorus cavalla2,896139577.6
2003,Scomberomorus cavalla3,4243,Scomberomorus cavalla3,896139577.6
2004,Arca zebra,27500,Arca zebra,839141395.3
2004,Callinectes sapidus,4752,Callinectes sapidus,839141395.3
2004,Centropomus spp,1,Centropomus spp,839141395.3
2004,Centropomus undecimalis,2000,Centropomus undecimalis,839141395.3
2004,Crassostrea virginica,45041,Crassostrea virginica,839141395.3
2004,Cynoscion nebulosus,1658,Cynoscion nebulosus,839141395.3
2004,Lobatus gigas,1207,Lobatus gigas,839141395.3
2004,Lobatus gigas2,668,Lobatus gigas2,839141395.3
2004,Lutjanus synagris,48,Lutjanus synagris,839141395.3
2004,Lutjanus synagris2,233,Lutjanus synagris2,839141395.3
2004,Menticirrhus littoralis,167,Menticirrhus littoralis,839141395.3
2004,Micropogonias furnieri,4260,Micropogonias furnieri,839141395.3
2004,Mugil cephalus,5000,Mugil cephalus,839141395.3
2004,Mugil liza,2500,Mugil liza,839141395.3
2004,Ocyurus chrysurus,126,Ocyurus chrysurus,839141395.3
2004,Ocyurus chrysurus2,537,Ocyurus chrysurus2,839141395.3
2004,Ocyurus chrysurus3,650,Ocyurus chrysurus3,839141395.3
2004,Opisthonema oglinum,1740,Opisthonema oglinum,839141395.3
2004,Pogonias cromis,49,Pogonias cromis,839141395.3
2004,Scomberomorus brasiliensis,5896,Scomberomorus brasiliensis,839141395.3
2004,Scomberomorus cavalla,225,Scomberomorus cavalla,839141395.3
2004,Scomberomorus cavalla2,6634,Scomberomorus cavalla2,839141395.3
2004,Scomberomorus cavalla3,3839,Scomberomorus cavalla3,839141395.3
2005,Arca zebra,9062,Arca zebra,881807408.3
2005,Callinectes sapidus,10275,Callinectes sapidus,881807408.3
2005,Centropomus spp,10,Centropomus spp,881807408.3
2005,Centropomus undecimalis,1321,Centropomus undecimalis,881807408.3
2005,Crassostrea virginica,39894,Crassostrea virginica,881807408.3
2005,Cynoscion nebulosus,384,Cynoscion nebulosus,881807408.3
2005,Lobatus gigas,1473,Lobatus gigas,881807408.3
2005,Lobatus gigas2,1,Lobatus gigas2,881807408.3
2005,Lutjanus synagris,9,Lutjanus synagris,881807408.3
2005,Lutjanus synagris2,392,Lutjanus synagris2,881807408.3
2005,Menticirrhus littoralis,460,Menticirrhus littoralis,881807408.3
2005,Micropogonias furnieri,3620,Micropogonias furnieri,881807408.3
2005,Mugil cephalus,4537,Mugil cephalus,881807408.3
2005,Mugil liza,1745,Mugil liza,881807408.3
2005,Ocyurus chrysurus,71,Ocyurus chrysurus,881807408.3
2005,Ocyurus chrysurus2,1640,Ocyurus chrysurus2,881807408.3
2005,Ocyurus chrysurus3,550,Ocyurus chrysurus3,881807408.3
2005,Opisthonema oglinum,1195,Opisthonema oglinum,881807408.3
2005,Pogonias cromis,88,Pogonias cromis,881807408.3
2005,Scomberomorus brasiliensis,6421,Scomberomorus brasiliensis,881807408.3
2005,Scomberomorus cavalla,173,Scomberomorus cavalla,881807408.3
2005,Scomberomorus cavalla2,4616,Scomberomorus cavalla2,881807408.3
2005,Scomberomorus cavalla3,3862,Scomberomorus cavalla3,881807408.3
2006,Arca zebra,13586,Arca zebra,892467419.3
2006,Callinectes sapidus,10729,Callinectes sapidus,892467419.3
2006,Centropomus spp,25,Centropomus spp,892467419.3
2006,Centropomus undecimalis,1820,Centropomus undecimalis,892467419.3
2006,Crassostrea virginica,42902,Crassostrea virginica,892467419.3
2006,Cynoscion nebulosus,401,Cynoscion nebulosus,892467419.3
2006,Lobatus gigas,996,Lobatus gigas,892467419.3
2006,Lobatus gigas2,1470,Lobatus gigas2,892467419.3
2006,Lutjanus synagris,15,Lutjanus synagris,892467419.3
2006,Lutjanus synagris2,410,Lutjanus synagris2,892467419.3
2006,Menticirrhus littoralis,480,Menticirrhus littoralis,892467419.3
2006,Micropogonias furnieri,2130,Micropogonias furnieri,892467419.3
2006,Mugil cephalus,5245,Mugil cephalus,892467419.3
2006,Mugil liza,1896,Mugil liza,892467419.3
2006,Ocyurus chrysurus,181,Ocyurus chrysurus,892467419.3
2006,Ocyurus chrysurus2,1713,Ocyurus chrysurus2,892467419.3
2006,Ocyurus chrysurus3,328,Ocyurus chrysurus3,892467419.3
2006,Opisthonema oglinum,1964,Opisthonema oglinum,892467419.3
2006,Pogonias cromis,92,Pogonias cromis,892467419.3
2006,Scomberomorus brasiliensis,5875,Scomberomorus brasiliensis,892467419.3
2006,Scomberomorus cavalla,180,Scomberomorus cavalla,892467419.3
2006,Scomberomorus cavalla2,4821,Scomberomorus cavalla2,892467419.3
2006,Scomberomorus cavalla3,4228,Scomberomorus cavalla3,892467419.3
2007,Arca zebra,74356,Arca zebra,1158118160
2007,Callinectes sapidus,10183,Callinectes sapidus,1158118160
2007,Centropomus spp,40,Centropomus spp,1158118160
2007,Centropomus undecimalis,2099,Centropomus undecimalis,1158118160
2007,Crassostrea virginica,45948,Crassostrea virginica,1158118160
2007,Cynoscion nebulosus,181,Cynoscion nebulosus,1158118160
2007,Lobatus gigas,1328,Lobatus gigas,1158118160
2007,Lobatus gigas2,1500,Lobatus gigas2,1158118160
2007,Lutjanus synagris,20,Lutjanus synagris,1158118160
2007,Lutjanus synagris2,258,Lutjanus synagris2,1158118160
2007,Menticirrhus littoralis,199,Menticirrhus littoralis,1158118160
2007,Micropogonias furnieri,2450,Micropogonias furnieri,1158118160
2007,Mugil cephalus,4382,Mugil cephalus,1158118160
2007,Mugil liza,1898,Mugil liza,1158118160
2007,Ocyurus chrysurus,152,Ocyurus chrysurus,1158118160
2007,Ocyurus chrysurus2,1707,Ocyurus chrysurus2,1158118160
2007,Ocyurus chrysurus3,370,Ocyurus chrysurus3,1158118160
2007,Opisthonema oglinum,1359,Opisthonema oglinum,1158118160
2007,Pogonias cromis,44,Pogonias cromis,1158118160
2007,Scomberomorus brasiliensis,3740,Scomberomorus brasiliensis,1158118160
2007,Scomberomorus cavalla,145,Scomberomorus cavalla,1158118160
2007,Scomberomorus cavalla2,4048,Scomberomorus cavalla2,1158118160
2007,Scomberomorus cavalla3,2743,Scomberomorus cavalla3,1158118160
2008,Arca zebra,70964,Arca zebra,994142358.2
2008,Callinectes sapidus,9729,Callinectes sapidus,994142358.2
2008,Centropomus spp,50,Centropomus spp,994142358.2
2008,Centropomus undecimalis,1479,Centropomus undecimalis,994142358.2
2008,Crassostrea virginica,40472,Crassostrea virginica,994142358.2
2008,Cynoscion nebulosus,236,Cynoscion nebulosus,994142358.2
2008,Lobatus gigas,1634,Lobatus gigas,994142358.2
2008,Lobatus gigas2,1,Lobatus gigas2,994142358.2
2008,Lutjanus synagris,30,Lutjanus synagris,994142358.2
2008,Lutjanus synagris2,250,Lutjanus synagris2,994142358.2
2008,Menticirrhus littoralis,101,Menticirrhus littoralis,994142358.2
2008,Micropogonias furnieri,2570,Micropogonias furnieri,994142358.2
2008,Mugil cephalus,3462,Mugil cephalus,994142358.2
2008,Mugil liza,2045,Mugil liza,994142358.2
2008,Ocyurus chrysurus,177,Ocyurus chrysurus,994142358.2
2008,Ocyurus chrysurus2,2057,Ocyurus chrysurus2,994142358.2
2008,Ocyurus chrysurus3,395,Ocyurus chrysurus3,994142358.2
2008,Opisthonema oglinum,1666,Opisthonema oglinum,994142358.2
2008,Pogonias cromis,33,Pogonias cromis,994142358.2
2008,Scomberomorus brasiliensis,4134,Scomberomorus brasiliensis,994142358.2
2008,Scomberomorus cavalla,317,Scomberomorus cavalla,994142358.2
2008,Scomberomorus cavalla2,4921,Scomberomorus cavalla2,994142358.2
2008,Scomberomorus cavalla3,3317,Scomberomorus cavalla3,994142358.2
2009,Arca zebra,68500,Arca zebra,967312243.7
2009,Callinectes sapidus,9275,Callinectes sapidus,967312243.7
2009,Centropomus spp,62,Centropomus spp,967312243.7
2009,Centropomus undecimalis,1530,Centropomus undecimalis,967312243.7
2009,Crassostrea virginica,36858,Crassostrea virginica,967312243.7
2009,Cynoscion nebulosus,256,Cynoscion nebulosus,967312243.7
2009,Lobatus gigas,2278,Lobatus gigas,967312243.7
2009,Lobatus gigas2,1572,Lobatus gigas2,967312243.7
2009,Lutjanus synagris,36,Lutjanus synagris,967312243.7
2009,Lutjanus synagris2,241,Lutjanus synagris2,967312243.7
2009,Menticirrhus littoralis,102,Menticirrhus littoralis,967312243.7
2009,Micropogonias furnieri,2660,Micropogonias furnieri,967312243.7
2009,Mugil cephalus,3580,Mugil cephalus,967312243.7
2009,Mugil liza,2120,Mugil liza,967312243.7
2009,Ocyurus chrysurus,160,Ocyurus chrysurus,967312243.7
2009,Ocyurus chrysurus2,2106,Ocyurus chrysurus2,967312243.7
2009,Ocyurus chrysurus3,400,Ocyurus chrysurus3,967312243.7
2009,Opisthonema oglinum,1799,Opisthonema oglinum,967312243.7
2009,Pogonias cromis,21,Pogonias cromis,967312243.7
2009,Scomberomorus brasiliensis,4119,Scomberomorus brasiliensis,967312243.7
2009,Scomberomorus cavalla,285,Scomberomorus cavalla,967312243.7
2009,Scomberomorus cavalla2,3473,Scomberomorus cavalla2,967312243.7
2009,Scomberomorus cavalla3,3292,Scomberomorus cavalla3,967312243.7
2010,Arca zebra,40000,Arca zebra,1159814784
2010,Callinectes sapidus,9138,Callinectes sapidus,1159814784
2010,Centropomus spp,123,Centropomus spp,1159814784
2010,Centropomus undecimalis,910,Centropomus undecimalis,1159814784
2010,Crassostrea virginica,46664,Crassostrea virginica,1159814784
2010,Cynoscion nebulosus,165,Cynoscion nebulosus,1159814784
2010,Lobatus gigas,256,Lobatus gigas,1159814784
2010,Lobatus gigas2,1575,Lobatus gigas2,1159814784
2010,Lutjanus synagris,34,Lutjanus synagris,1159814784
2010,Lutjanus synagris2,172,Lutjanus synagris2,1159814784
2010,Menticirrhus littoralis,103,Menticirrhus littoralis,1159814784
2010,Micropogonias furnieri,1600,Micropogonias furnieri,1159814784
2010,Mugil cephalus,2140,Mugil cephalus,1159814784
2010,Mugil liza,1270,Mugil liza,1159814784
2010,Ocyurus chrysurus,172,Ocyurus chrysurus,1159814784
2010,Ocyurus chrysurus2,1227,Ocyurus chrysurus2,1159814784
2010,Ocyurus chrysurus3,240,Ocyurus chrysurus3,1159814784
2010,Opisthonema oglinum,1524,Opisthonema oglinum,1159814784
2010,Pogonias cromis,23,Pogonias cromis,1159814784
2010,Scomberomorus brasiliensis,2792,Scomberomorus brasiliensis,1159814784
2010,Scomberomorus cavalla,802,Scomberomorus cavalla,1159814784
2010,Scomberomorus cavalla2,4720,Scomberomorus cavalla2,1159814784
2010,Scomberomorus cavalla3,2194,Scomberomorus cavalla3,1159814784
2011,Arca zebra,19770,Arca zebra,1061540866
2011,Callinectes sapidus,9505,Callinectes sapidus,1061540866
2011,Centropomus spp,77,Centropomus spp,1061540866
2011,Centropomus undecimalis,1187,Centropomus undecimalis,1061540866
2011,Crassostrea virginica,42881,Crassostrea virginica,1061540866
2011,Cynoscion nebulosus,189,Cynoscion nebulosus,1061540866
2011,Lobatus gigas,1870,Lobatus gigas,1061540866
2011,Lobatus gigas2,1620,Lobatus gigas2,1061540866
2011,Lutjanus synagris,30,Lutjanus synagris,1061540866
2011,Lutjanus synagris2,242,Lutjanus synagris2,1061540866
2011,Menticirrhus littoralis,106,Menticirrhus littoralis,1061540866
2011,Micropogonias furnieri,1498,Micropogonias furnieri,1061540866
2011,Mugil cephalus,1699,Mugil cephalus,1061540866
2011,Mugil liza,1324,Mugil liza,1061540866
2011,Ocyurus chrysurus,151,Ocyurus chrysurus,1061540866
2011,Ocyurus chrysurus2,819,Ocyurus chrysurus2,1061540866
2011,Ocyurus chrysurus3,422,Ocyurus chrysurus3,1061540866
2011,Opisthonema oglinum,1574,Opisthonema oglinum,1061540866
2011,Pogonias cromis,93,Pogonias cromis,1061540866
2011,Scomberomorus brasiliensis,3877,Scomberomorus brasiliensis,1061540866
2011,Scomberomorus cavalla,99,Scomberomorus cavalla,1061540866
2011,Scomberomorus cavalla2,4202,Scomberomorus cavalla2,1061540866
2011,Scomberomorus cavalla3,4424,Scomberomorus cavalla3,1061540866
2012,Arca zebra,12687,Arca zebra,989207750.2
2012,Callinectes sapidus,8967,Callinectes sapidus,989207750.2
2012,Centropomus spp,78,Centropomus spp,989207750.2
2012,Centropomus undecimalis,1637,Centropomus undecimalis,989207750.2
2012,Crassostrea virginica,42487,Crassostrea virginica,989207750.2
2012,Cynoscion nebulosus,177,Cynoscion nebulosus,989207750.2
2012,Lobatus gigas,2187,Lobatus gigas,989207750.2
2012,Lobatus gigas2,1575,Lobatus gigas2,989207750.2
2012,Lutjanus synagris,38,Lutjanus synagris,989207750.2
2012,Lutjanus synagris2,200,Lutjanus synagris2,989207750.2
2012,Menticirrhus littoralis,238,Menticirrhus littoralis,989207750.2
2012,Micropogonias furnieri,1833,Micropogonias furnieri,989207750.2
2012,Mugil cephalus,1384,Mugil cephalus,989207750.2
2012,Mugil liza,1547,Mugil liza,989207750.2
2012,Ocyurus chrysurus,147,Ocyurus chrysurus,989207750.2
2012,Ocyurus chrysurus2,1780,Ocyurus chrysurus2,989207750.2
2012,Ocyurus chrysurus3,219,Ocyurus chrysurus3,989207750.2
2012,Opisthonema oglinum,1636,Opisthonema oglinum,989207750.2
2012,Pogonias cromis,79,Pogonias cromis,989207750.2
2012,Scomberomorus brasiliensis,2686,Scomberomorus brasiliensis,989207750.2
2012,Scomberomorus cavalla,96,Scomberomorus cavalla,989207750.2
2012,Scomberomorus cavalla2,3916,Scomberomorus cavalla2,989207750.2
2012,Scomberomorus cavalla3,3724,Scomberomorus cavalla3,989207750.2
2013,Arca zebra,15000,Arca zebra,1039433633
2013,Callinectes sapidus,9795,Callinectes sapidus,1039433633
2013,Centropomus spp,57,Centropomus spp,1039433633
2013,Centropomus undecimalis,1900,Centropomus undecimalis,1039433633
2013,Crassostrea virginica,36453,Crassostrea virginica,1039433633
2013,Cynoscion nebulosus,737,Cynoscion nebulosus,1039433633
2013,Lobatus gigas,2218,Lobatus gigas,1039433633
2013,Lobatus gigas2,1575,Lobatus gigas2,1039433633
2013,Lutjanus synagris,46,Lutjanus synagris,1039433633
2013,Lutjanus synagris2,142,Lutjanus synagris2,1039433633
2013,Menticirrhus littoralis,220,Menticirrhus littoralis,1039433633
2013,Micropogonias furnieri,1570,Micropogonias furnieri,1039433633
2013,Mugil cephalus,1390,Mugil cephalus,1039433633
2013,Mugil liza,2070,Mugil liza,1039433633
2013,Ocyurus chrysurus,174,Ocyurus chrysurus,1039433633
2013,Ocyurus chrysurus2,1516,Ocyurus chrysurus2,1039433633
2013,Ocyurus chrysurus3,195,Ocyurus chrysurus3,1039433633
2013,Opisthonema oglinum,1592,Opisthonema oglinum,1039433633
2013,Pogonias cromis,77,Pogonias cromis,1039433633
2013,Scomberomorus brasiliensis,1846,Scomberomorus brasiliensis,1039433633
2013,Scomberomorus cavalla,98,Scomberomorus cavalla,1039433633
2013,Scomberomorus cavalla2,3939,Scomberomorus cavalla2,1039433633
2013,Scomberomorus cavalla3,2794,Scomberomorus cavalla3,1039433633
2014,Arca zebra,17384,Arca zebra,1026375703
2014,Callinectes sapidus,12405,Callinectes sapidus,1026375703
2014,Centropomus spp,43,Centropomus spp,1026375703
2014,Centropomus undecimalis,2217,Centropomus undecimalis,1026375703
2014,Crassostrea virginica,37279,Crassostrea virginica,1026375703
2014,Cynoscion nebulosus,846,Cynoscion nebulosus,1026375703
2014,Lobatus gigas,1842,Lobatus gigas,1026375703
2014,Lobatus gigas2,1,Lobatus gigas2,1026375703
2014,Lutjanus synagris,24,Lutjanus synagris,1026375703
2014,Lutjanus synagris2,193,Lutjanus synagris2,1026375703
2014,Menticirrhus littoralis,247,Menticirrhus littoralis,1026375703
2014,Micropogonias furnieri,1299,Micropogonias furnieri,1026375703
2014,Mugil cephalus,1396,Mugil cephalus,1026375703
2014,Mugil liza,2587,Mugil liza,1026375703
2014,Ocyurus chrysurus,168,Ocyurus chrysurus,1026375703
2014,Ocyurus chrysurus2,1466,Ocyurus chrysurus2,1026375703
2014,Ocyurus chrysurus3,173,Ocyurus chrysurus3,1026375703
2014,Opisthonema oglinum,1286,Opisthonema oglinum,1026375703
2014,Pogonias cromis,419,Pogonias cromis,1026375703
2014,Scomberomorus brasiliensis,1641,Scomberomorus brasiliensis,1026375703
2014,Scomberomorus cavalla,94,Scomberomorus cavalla,1026375703
2014,Scomberomorus cavalla2,3659,Scomberomorus cavalla2,1026375703
2014,Scomberomorus cavalla3,1860,Scomberomorus cavalla3,1026375703
2015,Arca zebra,29073,Arca zebra,1094517356
2015,Callinectes sapidus,15126,Callinectes sapidus,1094517356
2015,Centropomus spp,2,Centropomus spp,1094517356
2015,Centropomus undecimalis,1442,Centropomus undecimalis,1094517356
2015,Crassostrea virginica,50044,Crassostrea virginica,1094517356
2015,Cynoscion nebulosus,1475,Cynoscion nebulosus,1094517356
2015,Lobatus gigas,1447,Lobatus gigas,1094517356
2015,Lobatus gigas2,842,Lobatus gigas2,1094517356
2015,Lutjanus synagris,2,Lutjanus synagris,1094517356
2015,Lutjanus synagris2,192,Lutjanus synagris2,1094517356
2015,Menticirrhus littoralis,210,Menticirrhus littoralis,1094517356
2015,Micropogonias furnieri,1109,Micropogonias furnieri,1094517356
2015,Mugil cephalus,0,Mugil cephalus,1094517356
2015,Mugil liza,2242,Mugil liza,1094517356
2015,Ocyurus chrysurus,166,Ocyurus chrysurus,1094517356
2015,Ocyurus chrysurus2,1777,Ocyurus chrysurus2,1094517356
2015,Ocyurus chrysurus3,168,Ocyurus chrysurus3,1094517356
2015,Opisthonema oglinum,1714,Opisthonema oglinum,1094517356
2015,Pogonias cromis,107,Pogonias cromis,1094517356
2015,Scomberomorus brasiliensis,1134,Scomberomorus brasiliensis,1094517356
2015,Scomberomorus cavalla,277,Scomberomorus cavalla,1094517356
2015,Scomberomorus cavalla2,6150,Scomberomorus cavalla2,1094517356
2015,Scomberomorus cavalla3,1451,Scomberomorus cavalla3,1094517356
2016,Arca zebra,29076,Arca zebra,NA
2016,Callinectes sapidus,17915,Callinectes sapidus,NA
2016,Centropomus spp,56,Centropomus spp,NA
2016,Centropomus undecimalis,2745,Centropomus undecimalis,NA
2016,Crassostrea virginica,44313,Crassostrea virginica,NA
2016,Cynoscion nebulosus,773,Cynoscion nebulosus,NA
2016,Lobatus gigas,1634,Lobatus gigas,NA
2016,Lobatus gigas2,800,Lobatus gigas2,NA
2016,Lutjanus synagris,27,Lutjanus synagris,NA
2016,Lutjanus synagris2,202,Lutjanus synagris2,NA
2016,Menticirrhus littoralis,278,Menticirrhus littoralis,NA
2016,Micropogonias furnieri,2926,Micropogonias furnieri,NA
2016,Mugil cephalus,2814,Mugil cephalus,NA
2016,Mugil liza,2475,Mugil liza,NA
2016,Ocyurus chrysurus,166,Ocyurus chrysurus,NA
2016,Ocyurus chrysurus2,2433,Ocyurus chrysurus2,NA
2016,Ocyurus chrysurus3,124,Ocyurus chrysurus3,NA
2016,Opisthonema oglinum,1751,Opisthonema oglinum,NA
2016,Pogonias cromis,128,Pogonias cromis,NA
2016,Scomberomorus brasiliensis,1975,Scomberomorus brasiliensis,NA
2016,Scomberomorus cavalla,288,Scomberomorus cavalla,NA
2016,Scomberomorus cavalla2,5517,Scomberomorus cavalla2,NA
2016,Scomberomorus cavalla3,1382,Scomberomorus cavalla3,NA
2017,Arca zebra,29970,Arca zebra,NA
2017,Callinectes sapidus,16790,Callinectes sapidus,NA
2017,Centropomus spp,230,Centropomus spp,NA
2017,Centropomus undecimalis,2830,Centropomus undecimalis,NA
2017,Crassostrea virginica,55549,Crassostrea virginica,NA
2017,Cynoscion nebulosus,1637,Cynoscion nebulosus,NA
2017,Lobatus gigas,1755,Lobatus gigas,NA
2017,Lobatus gigas2,800,Lobatus gigas2,NA
2017,Lutjanus synagris,181,Lutjanus synagris,NA
2017,Lutjanus synagris2,213,Lutjanus synagris2,NA
2017,Menticirrhus littoralis,233,Menticirrhus littoralis,NA
2017,Micropogonias furnieri,3015,Micropogonias furnieri,NA
2017,Mugil cephalus,2900,Mugil cephalus,NA
2017,Mugil liza,2550,Mugil liza,NA
2017,Ocyurus chrysurus,178,Ocyurus chrysurus,NA
2017,Ocyurus chrysurus2,1972,Ocyurus chrysurus2,NA
2017,Ocyurus chrysurus3,130,Ocyurus chrysurus3,NA
2017,Opisthonema oglinum,1388,Opisthonema oglinum,NA
2017,Pogonias cromis,119,Pogonias cromis,NA
2017,Scomberomorus brasiliensis,1912,Scomberomorus brasiliensis,NA
2017,Scomberomorus cavalla,309,Scomberomorus cavalla,NA
2017,Scomberomorus cavalla2,6827,Scomberomorus cavalla2,NA
2017,Scomberomorus cavalla3,1276,Scomberomorus cavalla3,NA
2018,Arca zebra,29970,Arca zebra,NA
2018,Callinectes sapidus,20065,Callinectes sapidus,NA
2018,Centropomus spp,0,Centropomus spp,NA
2018,Centropomus undecimalis,2830,Centropomus undecimalis,NA
2018,Crassostrea virginica,49631,Crassostrea virginica,NA
2018,Cynoscion nebulosus,866,Cynoscion nebulosus,NA
2018,Lobatus gigas,1691,Lobatus gigas,NA
2018,Lobatus gigas2,800,Lobatus gigas2,NA
2018,Lutjanus synagris,76,Lutjanus synagris,NA
2018,Lutjanus synagris2,226,Lutjanus synagris2,NA
2018,Menticirrhus littoralis,311,Menticirrhus littoralis,NA
2018,Micropogonias furnieri,3015,Micropogonias furnieri,NA
2018,Mugil cephalus,2900,Mugil cephalus,NA
2018,Mugil liza,2550,Mugil liza,NA
2018,Ocyurus chrysurus,172,Ocyurus chrysurus,NA
2018,Ocyurus chrysurus2,2725,Ocyurus chrysurus2,NA
2018,Ocyurus chrysurus3,130,Ocyurus chrysurus3,NA
2018,Opisthonema oglinum,1570,Opisthonema oglinum,NA
2018,Pogonias cromis,143,Pogonias cromis,NA
2018,Scomberomorus brasiliensis,1918,Scomberomorus brasiliensis,NA
2018,Scomberomorus cavalla,275,Scomberomorus cavalla,NA
2018,Scomberomorus cavalla2,6179,Scomberomorus cavalla2,NA
2018,Scomberomorus cavalla3,1227,Scomberomorus cavalla3,NA
2019,Arca zebra,29970,Arca zebra,NA
2019,Callinectes sapidus,14438,Callinectes sapidus,NA
2019,Centropomus spp,240.39,Centropomus spp,NA
2019,Centropomus undecimalis,2830,Centropomus undecimalis,NA
2019,Crassostrea virginica,45108,Crassostrea virginica,NA
2019,Cynoscion nebulosus,930,Cynoscion nebulosus,NA
2019,Lobatus gigas,1710,Lobatus gigas,NA
2019,Lobatus gigas2,450,Lobatus gigas2,NA
2019,Lutjanus synagris,103,Lutjanus synagris,NA
2019,Lutjanus synagris2,195,Lutjanus synagris2,NA
2019,Menticirrhus littoralis,248,Menticirrhus littoralis,NA
2019,Micropogonias furnieri,3015,Micropogonias furnieri,NA
2019,Mugil cephalus,2900,Mugil cephalus,NA
2019,Mugil liza,2550,Mugil liza,NA
2019,Ocyurus chrysurus,170,Ocyurus chrysurus,NA
2019,Ocyurus chrysurus2,1953,Ocyurus chrysurus2,NA
2019,Ocyurus chrysurus3,130,Ocyurus chrysurus3,NA
2019,Opisthonema oglinum,1081,Opisthonema oglinum,NA
2019,Pogonias cromis,153,Pogonias cromis,NA
2019,Scomberomorus brasiliensis,2306,Scomberomorus brasiliensis,NA
2019,Scomberomorus cavalla,285,Scomberomorus cavalla,NA
2019,Scomberomorus cavalla2,5170,Scomberomorus cavalla2,NA
2019,Scomberomorus cavalla3,1482,Scomberomorus cavalla3,NA
